Date,3m,6m,9m,1y,2y,3y,4y,5y,6y,7y,8y,9y,10y,12y,15y,20y,30y
2025-06-27,2.4497,2.438,2.4025,2.3894,2.3796999999999997,2.408,2.4515,2.4849999999999994,2.5179,2.5501000000000005,2.5789999999999997,2.6034,2.6273,2.6451999999999996,2.6235,2.5099,2.3977
2025-06-26,2.4426,2.4309,2.3982,2.3842,2.3744,2.4035999999999995,2.4431000000000003,2.4739999999999998,2.5058,2.5358000000000005,2.5623,2.5883,2.6069,2.6247,2.6030999999999995,2.4919999999999995,2.3824
2025-06-25,2.4541,2.4376999999999995,2.4059,2.396,2.3931999999999998,2.4285,2.4756000000000005,2.5088999999999997,2.5433,2.5753,2.6029,2.6288,2.6504999999999996,2.6685,2.6489,2.5351,2.4229
2025-06-24,2.4447,2.4302,2.3958,2.3891,2.3905999999999996,2.4256,2.4721,2.5035,2.5378,2.5703000000000005,2.5977,2.6227000000000005,2.6428000000000003,2.6608,2.6413,2.5275000000000003,2.4155
2025-06-23,2.4843,2.4641999999999995,2.4461,2.4399000000000006,2.4421,2.476,2.5192,2.5505999999999998,2.5833,2.6136,2.6393,2.6652999999999993,2.6889999999999996,2.7068999999999996,2.6872,2.5732,2.4607
2025-06-20,2.4542,2.4542,2.424,2.4119,2.4058,2.44,2.4857,2.5197999999999996,2.5539000000000005,2.5860999999999996,2.6136,2.6407,2.6662000000000003,2.6846,2.6697,2.5581,2.448
2025-06-19,2.4683,2.4714,2.4555999999999996,2.4452,2.4414,2.4749999999999996,2.5196,2.5517,2.5847,2.6141999999999994,2.6394,2.6641,2.6874,2.7080000000000006,2.6947,2.5809999999999995,2.4682
2025-06-18,2.4836,2.4827000000000004,2.4623000000000004,2.4445,2.4312,2.4651999999999994,2.5129,2.5491000000000006,2.5828,2.6142,2.6398,2.6652,2.6870999999999996,2.7059000000000006,2.6925000000000003,2.5837,2.4759
2025-06-17,2.4995,2.4843999999999995,2.4527999999999994,2.4268,2.4034,2.4384,2.4877,2.5232,2.5599,2.5942000000000003,2.6239,2.6546999999999996,2.6739,2.6923,2.6776,2.5713,2.466
2025-06-16,2.5096,2.4882,2.4662,2.4507,2.4406999999999996,2.4721999999999995,2.51,2.5406,2.5733,2.6036,2.6302,2.6563000000000003,2.6740000000000004,2.6928,2.6827,2.5737,2.466
2025-06-13,2.4945,2.4806,2.4527999999999994,2.4382,2.4265999999999996,2.4524999999999997,2.4864000000000006,2.5112999999999994,2.5446000000000004,2.5776000000000003,2.6033000000000004,2.629,2.6507999999999994,2.6697999999999995,2.6597,2.5507,2.4429
2025-06-12,2.4785,2.4288,2.4017,2.3891,2.3821,2.4131,2.454,2.4859,2.5216,2.5577000000000005,2.5858,2.6136,2.6382,2.657,2.6466,2.5380000000000003,2.4303
2025-06-11,2.4642,2.4075,2.3657,2.3587,2.3616,2.3988,2.441,2.4766,2.5163999999999995,2.5552,2.5869000000000004,2.6197,2.6454,2.6642000000000006,2.6520000000000006,2.5456000000000003,2.4404
2025-06-10,2.4794,2.3899000000000004,2.3456000000000006,2.3314,2.3260999999999994,2.3656999999999995,2.4135,2.4543,2.496,2.5364999999999998,2.5717999999999996,2.6044,2.6301999999999994,2.6491000000000002,2.6367000000000003,2.5280000000000005,2.4203
2025-06-09,2.4541,2.3697,2.3315,2.3153,2.3067,2.3466999999999993,2.3984,2.4425999999999997,2.4844,2.5223,2.5568,2.5904999999999996,2.6141,2.6309,2.6186,2.5074,2.3974
2025-06-06,2.449,2.3684,2.3308,2.3178,2.3145,2.3588,2.4160000000000004,2.4655,2.5070999999999994,2.5469999999999997,2.5843999999999996,2.6143,2.6399999999999997,2.6593,2.6467,2.5403000000000002,2.4351
2025-06-05,2.449,2.3683999999999994,2.3288,2.3157,2.313,2.359,2.4164,2.4657,2.5075000000000003,2.5452,2.5799,2.6143,2.64,2.6593,2.6467,2.5403000000000002,2.4351
2025-06-04,2.444,2.3609,2.3322,2.3243,2.3287,2.3730999999999995,2.4325,2.482,2.5249,2.5632,2.597,2.6318000000000006,2.6601,2.6766,2.6641999999999997,2.5528999999999997,2.4428
2025-06-03,2.3985,2.3179000000000003,2.2832,2.2744,2.2720000000000002,2.3069,2.3611,2.4067,2.4472,2.4865,2.5227999999999997,2.5526999999999997,2.575,2.5913,2.5765999999999996,2.4559,2.3365
2025-06-02,2.3986,2.3179,2.2819,2.2724,2.2702,2.3069,2.361,2.4068999999999994,2.4477,2.4844000000000004,2.5155000000000003,2.5474,2.5753,2.5931000000000006,2.5766,2.4558999999999997,2.3365
2025-05-30,2.3935,2.3147,2.2792,2.2709000000000006,2.2703,2.3065,2.3573,2.4018,2.4444,2.4818,2.5159,2.5521,2.5723000000000003,2.5895,2.5773,2.4662999999999995,2.3567
2025-05-29,2.3795,2.2918999999999996,2.266,2.2625,2.2704,2.3096999999999994,2.3577,2.4014,2.444,2.4836,2.5148000000000006,2.5439,2.5697,2.5871000000000004,2.5747,2.4638,2.3541
2025-05-28,2.4033,2.2868,2.2465,2.2415,2.2455,2.2789,2.3191,2.3537,2.392,2.4264,2.4568,2.4907,2.5097,2.5271000000000003,2.5152,2.4022999999999994,2.2908
2025-05-27,2.4545,2.3362000000000003,2.2915,2.2758,2.2645,2.2939,2.3324,2.3651999999999997,2.4029,2.4363999999999995,2.4664,2.4941000000000004,2.5137000000000005,2.5299,2.5178,2.4123,2.3081
2025-05-26,2.4607,2.3656000000000006,2.3149,2.2983,2.2872999999999997,2.3231999999999995,2.3721,2.4126,2.4523,2.4891,2.5214,2.5513,2.5703,2.5881,2.5812000000000004,2.473,2.3662
2025-05-23,2.4656,2.3693,2.3176,2.2923,2.2704,2.3082,2.3623,2.4069,2.446,2.4832,2.5120000000000005,2.5397,2.5651999999999995,2.583,2.5758,2.4627,2.3508
2025-05-22,2.4388,2.3455,2.2972,2.2766,2.2609,2.3001999999999994,2.3539,2.3944,2.4352,2.4728000000000003,2.5021,2.5302,2.5524999999999998,2.5706999999999995,2.5586,2.4631,2.3685
2025-05-21,2.4618,2.3624,2.3116,2.2976999999999994,2.289,2.3231999999999995,2.3739,2.4154999999999998,2.4564000000000004,2.4935,2.5227,2.5515,2.5756,2.5935,2.5796999999999994,2.4887999999999995,2.3988
2025-05-20,2.4545,2.3617,2.3142,2.296,2.2805,2.3089,2.3516000000000004,2.3887,2.4299000000000004,2.4667000000000003,2.4934,2.5209,2.5443,2.5615000000000006,2.549,2.4608999999999996,2.3737
2025-05-19,2.4394,2.3567000000000005,2.3181,2.3076,2.3014000000000006,2.3297,2.3731,2.4107,2.452,2.4894,2.5189000000000004,2.5476000000000005,2.5716,2.5885000000000002,2.5764999999999993,2.4883,2.4012
2025-05-16,2.4444,2.3467000000000002,2.2913,2.2683,2.2461,2.273,2.3110000000000004,2.3446,2.3839,2.419,2.4456,2.4716,2.4948,2.5121999999999995,2.5001,2.4095999999999997,2.3202
2025-05-15,2.4587,2.3611999999999997,2.3087,2.2897000000000003,2.2759999999999994,2.3103,2.3532000000000006,2.39,2.4287,2.4627,2.4892000000000003,2.5193000000000003,2.5411,2.5561,2.5432,2.4528000000000003,2.3634
2025-05-14,2.4679,2.359,2.2981,2.2831,2.2756,2.3102,2.35,2.3883,2.4259,2.4605,2.4898,2.5142999999999995,2.5388999999999995,2.5537,2.5386,2.4506,2.3637
2025-05-13,2.4445,2.341,2.2814,2.2776,2.2844,2.3195999999999994,2.3626,2.3995,2.4329,2.4647,2.4924,2.5175999999999994,2.5382,2.5515000000000003,2.5412,2.4506,2.3612
2025-05-12,2.4495,2.3254999999999995,2.2546,2.2463,2.2364,2.2518,2.293,2.3273,2.3639999999999994,2.4005000000000005,2.4295,2.455,2.4753,2.4919,2.4800000000000004,2.3821,2.2855
2025-05-09,2.4595,2.3342000000000005,2.2579,2.2405,2.2219999999999995,2.2413,2.2776,2.3103999999999996,2.3466,2.3823,2.4121000000000006,2.4358,2.4567,2.473,2.4567999999999994,2.3614,2.2675
2025-05-08,2.4028,2.2954,2.2217,2.1968,2.1675,2.1848,2.2221,2.2541,2.2912,2.3261000000000003,2.3569000000000004,2.386,2.4052,2.4239000000000006,2.3994,2.2973,2.1966
2025-05-07,2.3926,2.2823,2.2055,2.1731000000000003,2.1357,2.1544,2.1938,2.2301000000000006,2.2685,2.3078,2.3378,2.3667,2.3892,2.4053,2.3843,2.2822,2.1814
2025-05-06,2.4344,2.3205,2.2384,2.2102,2.1766,2.1922,2.2262,2.2558999999999996,2.2913,2.3261,2.3552,2.3806,2.3994999999999997,2.4164000000000003,2.3948,2.295,2.1964
2025-05-05,2.4344,2.3205,2.2377,2.2098,2.1771999999999996,2.1933,2.2262,2.2559,2.2913,2.3261,2.3552,2.3806000000000003,2.3995,2.4164000000000003,2.3948,2.295,2.1964
2025-05-02,2.4344,2.3205,2.2377,2.2098,2.1771999999999996,2.1933,2.2262,2.2559,2.2913,2.3261,2.3552,2.3806000000000003,2.3995,2.4164000000000003,2.3948,2.295,2.1964
2025-05-01,2.4172,2.301,2.2283,2.1947999999999994,2.1547,2.1711999999999994,2.2053,2.2342999999999997,2.2687,2.3016,2.3278000000000003,2.3504,2.3712,2.3877,2.3659999999999997,2.2641,2.1635
2025-04-30,2.4172,2.3011,2.2291,2.1952000000000003,2.1548999999999996,2.1723,2.2068,2.2341,2.2684,2.3016,2.3284000000000002,2.3518,2.3712,2.3877,2.366,2.2641,2.1635
2025-04-29,2.4494,2.3259999999999996,2.2518,2.2251,2.1955,2.2160999999999995,2.2502,2.2792,2.3132,2.3459,2.3725,2.397,2.4171999999999993,2.432,2.4125,2.3126,2.2139
2025-04-28,2.4409,2.3281,2.2575,2.2326,2.2028,2.2185,2.2497000000000003,2.2763,2.309,2.3409,2.3667,2.3883,2.4072999999999998,2.4242,2.4024999999999994,2.3025,2.2039
2025-04-25,2.4558,2.3343,2.2628,2.234,2.1991,2.2145999999999995,2.2456,2.2705,2.3033,2.336,2.3653000000000004,2.3886000000000003,2.4018999999999995,2.4189,2.397,2.2948000000000004,2.1935
2025-04-24,2.4884,2.3637,2.2936,2.268,2.2369,2.2501,2.2815,2.3181,2.3524,2.3821,2.403,2.4286,2.4527999999999994,2.4681,2.4453,2.3429,2.2416
2025-04-23,2.4758,2.3593999999999995,2.2894,2.2601,2.2235,2.2353,2.2612,2.2853,2.3180000000000005,2.3487,2.371,2.3927,2.4112999999999998,2.4258,2.4018,2.2996,2.1985
2025-04-22,2.4757,2.3692,2.2828,2.2499,2.2093,2.2245999999999997,2.257,2.2824,2.3183,2.3538,2.3805,2.4054,2.4275,2.4411000000000005,2.41,2.3077,2.2066
2025-04-21,2.4757,2.3692,2.2828,2.2468999999999997,2.2021,2.2159,2.2462,2.271,2.3045,2.3375000000000004,2.3616,2.3840000000000003,2.404,2.4152,2.3819,2.2797,2.1788
2025-04-18,2.4807,2.3917,2.3162,2.2857000000000003,2.2488,2.2650999999999994,2.2945,2.3127,2.3422,2.368,2.39,2.4116000000000004,2.4297,2.4406,2.4049,2.3026,2.2013
2025-04-17,2.4881,2.4040000000000004,2.3382,2.3169,2.2934,2.3096999999999994,2.3336,2.3537,2.3806,2.4069,2.4281,2.4477,2.4657,2.4764,2.4404999999999997,2.3381,2.2369
2025-04-16,2.421,2.3512,2.2901,2.273,2.2561,2.277,2.3076000000000003,2.3321,2.3599,2.3876,2.4077999999999995,2.4294,2.4474,2.4582,2.4225,2.3202,2.2191
2025-04-15,2.4259,2.368,2.3215,2.3155,2.3123,2.3322,2.3627000000000002,2.3843,2.4096,2.4343,2.4536000000000002,2.4732000000000003,2.4910999999999994,2.5012,2.4607,2.3582,2.2571
2025-04-14,2.421,2.3755,2.3327999999999998,2.3306,2.333,2.3522,2.3778,2.3986,2.4278,2.4565,2.4801000000000006,2.5015000000000005,2.5197000000000003,2.5319000000000003,2.4913,2.3887,2.2874
2025-04-11,2.4459,2.3755,2.3301000000000003,2.3204000000000002,2.3142,2.3352,2.362,2.389,2.4218,2.4539,2.4782,2.5021000000000004,2.5223,2.5349,2.4938,2.3912,2.2897
2025-04-10,2.4992,2.4134999999999995,2.3628,2.3498,2.3374,2.3537,2.3771,2.3995,2.4308,2.4598,2.4874,2.5137,2.5296,2.5401,2.5039,2.3987,2.2949
2025-04-09,2.4758,2.3854000000000006,2.3234,2.304,2.2832,2.2998999999999996,2.3253,2.353,2.3923,2.4271,2.4548,2.4864000000000006,2.5032999999999994,2.5137,2.4755,2.3731,2.2717
2025-04-08,2.5219,2.4292000000000002,2.3628,2.3351,2.3023,2.3162999999999996,2.3393,2.3622999999999994,2.3964,2.4272,2.4509999999999996,2.4733000000000005,2.4927,2.5012,2.4652999999999996,2.3604,2.2568
2025-04-07,2.5035,2.4192000000000005,2.3567000000000005,2.3303000000000003,2.2940999999999994,2.2982999999999993,2.3236,2.3491999999999997,2.3791,2.4078,2.4311,2.4539,2.4708,2.4757000000000002,2.4442999999999997,2.3371,2.2313
2025-04-04,2.5935,2.5066000000000006,2.4448,2.4137,2.3731999999999998,2.3797,2.4005,2.4218,2.449,2.4709,2.4895,2.5066,2.5228000000000006,2.5327,2.4901,2.3877000000000006,2.2866
2025-04-03,2.6286,2.5738,2.542,2.5174,2.4842999999999997,2.4874,2.5034000000000005,2.5184,2.5402000000000005,2.5599,2.5765000000000002,2.5927,2.6067999999999993,2.6166,2.5755000000000003,2.4707000000000003,2.3672
2025-04-02,2.6805,2.6221000000000005,2.5928999999999998,2.5654,2.5276999999999994,2.5314999999999994,2.5492,2.5612999999999997,2.5789,2.5951000000000004,2.6082,2.6206000000000005,2.6344,2.6435,2.6062999999999996,2.5012,2.3975
2025-04-01,2.6705,2.6227,2.6036000000000006,2.5768,2.5412,2.5447,2.5608,2.5759999999999996,2.5936999999999997,2.6099000000000006,2.6237000000000004,2.6379999999999995,2.6516999999999995,2.66,2.6238,2.5186,2.4152
2025-03-31,2.6605,2.6156000000000006,2.5962,2.5676,2.529,2.5312,2.5468,2.5602,2.578,2.5936000000000003,2.6049,2.6174,2.6311,2.639,2.5978,2.4853000000000005,2.3745
2025-03-28,2.7004,2.6527000000000003,2.6464,2.6224000000000003,2.5914,2.5980999999999996,2.6171,2.631,2.6478,2.6637,2.6755,2.6889000000000003,2.7011,2.7118,2.6668,2.5565000000000007,2.4479
2025-03-27,2.7063,2.6557,2.6408,2.618,2.5899999999999994,2.5996999999999995,2.6199,2.6357,2.6532000000000004,2.6691,2.6828000000000003,2.697,2.7108000000000003,2.72,2.6740999999999997,2.5662999999999996,2.4602
2025-03-26,2.7111,2.6547999999999994,2.6355000000000004,2.6161000000000003,2.5922000000000005,2.6005,2.6221,2.6386,2.6566000000000005,2.6744000000000003,2.6887,2.704,2.7164,2.7279000000000004,2.6838000000000006,2.5661,2.4504
2025-03-25,2.6946,2.6428,2.6194,2.5997,2.5733999999999995,2.5768999999999997,2.5935,2.6059999999999994,2.6204,2.6355,2.6485,2.6602,2.6727,2.6844999999999994,2.6404,2.523,2.4075
2025-03-24,2.6896,2.6332,2.6054,2.5864000000000003,2.5609,2.5643,2.5812,2.5935999999999995,2.6086,2.6228,2.6364,2.6486999999999994,2.6605,2.6745,2.6307000000000005,2.5155999999999996,2.4024
2025-03-21,2.6846,2.629,2.6027,2.5796,2.5491999999999995,2.5532999999999997,2.5698,2.5830999999999995,2.5989,2.615,2.6282,2.64,2.6523999999999996,2.6643,2.6203999999999996,2.5027,2.3867
2025-03-20,2.6808,2.6228999999999996,2.5974,2.5714000000000006,2.5375,2.5422,2.5589,2.5700999999999996,2.5870999999999995,2.6045,2.6178,2.6295,2.6424,2.6553,2.6098,2.4951,2.3817
2025-03-19,2.6961,2.6373,2.6073999999999997,2.5807000000000007,2.5465,2.5512,2.5698,2.5831,2.5996,2.6176000000000004,2.6308999999999996,2.6432000000000007,2.6554,2.669,2.623,2.508,2.3944
2025-03-18,2.6846,2.6253,2.5973,2.5691,2.5322999999999998,2.5371,2.5546,2.5676,2.5861,2.6073,2.6207,2.6329,2.6448999999999994,2.6575,2.6126999999999994,2.4953,2.3791
2025-03-17,2.6846,2.6253,2.592,2.5648,2.5295,2.5360000000000005,2.5576,2.5741,2.5959000000000003,2.6177,2.6316,2.645,2.6577,2.6699,2.6255,2.508,2.3918
2025-03-14,2.6846,2.6215,2.5885999999999996,2.5617000000000005,2.5266999999999995,2.5344,2.5588,2.5758999999999994,2.5966,2.6195,2.6325,2.6492,2.6629,2.6759,2.6308,2.5156,2.4015
2025-03-13,2.6654,2.6038,2.5703999999999994,2.5422,2.5050999999999997,2.5102999999999995,2.5316,2.5495,2.5674,2.5838000000000005,2.5978,2.6122,2.6268,2.6386,2.5945999999999994,2.48,2.3662
2025-03-12,2.6515,2.5885000000000002,2.5518,2.5218,2.4844,2.4914,2.5117,2.5271999999999997,2.5425,2.5591,2.5695,2.5833,2.596,2.6084000000000005,2.5645,2.4498,2.336
2025-03-11,2.6645,2.5989,2.5585,2.5309,2.4986,2.5091999999999994,2.5245,2.5356999999999994,2.5510999999999995,2.5651,2.5765,2.5884,2.6007,2.6103,2.5645,2.4498,2.336
2025-03-10,2.6746,2.6102000000000003,2.5718999999999994,2.5561,2.5379999999999994,2.5498,2.5714,2.5858,2.6008,2.6144,2.6264000000000003,2.6399000000000004,2.6521,2.6615000000000006,2.6154999999999995,2.5006,2.3867
2025-03-07,2.6394,2.5875999999999997,2.5551,2.5366,2.5126,2.5208999999999997,2.5446999999999997,2.5593999999999997,2.5746,2.5893,2.6035,2.6168000000000005,2.6290000000000004,2.6385,2.5926,2.4776,2.3637
2025-03-06,2.6704,2.6037,2.5636999999999994,2.5561999999999996,2.5476,2.5592999999999995,2.5862,2.6056,2.6249000000000002,2.6417000000000006,2.6566,2.6682,2.6806,2.6917,2.6504999999999996,2.5332,2.4168
2025-03-05,2.6746,2.6067000000000005,2.5682999999999994,2.5535000000000005,2.534,2.541,2.5639000000000003,2.581,2.5979,2.6123000000000003,2.6258000000000004,2.6387000000000005,2.6521,2.662,2.6227,2.5104,2.399
2025-03-04,2.6795,2.6089,2.5732,2.5460000000000003,2.5054999999999996,2.4993999999999996,2.5127,2.5220000000000002,2.5376,2.5511,2.5611999999999995,2.573,2.5854,2.5978,2.5568,2.4446,2.3333
2025-03-03,2.6744,2.6112000000000006,2.5716,2.5489,2.5137000000000005,2.5059,2.5170000000000003,2.5243999999999995,2.5376999999999996,2.5501,2.5605,2.5688,2.5815,2.5934000000000004,2.5534,2.4388999999999994,2.3254
2025-02-28,2.6744,2.6112000000000006,2.5716,2.5489,2.5137000000000005,2.5059,2.5170000000000003,2.5243999999999995,2.5376999999999996,2.5501,2.5605,2.5688,2.5815,2.5934000000000004,2.5534,2.4388999999999994,2.3254
2025-02-27,2.6895,2.6206,2.5793,2.5636,2.5426999999999995,2.5457999999999994,2.5587000000000004,2.5688000000000004,2.5821,2.5967,2.6091,2.6191,2.6317,2.644,2.6028,2.4904,2.379
2025-02-26,2.7611,2.6726,2.6298000000000004,2.6010000000000004,2.5618999999999996,2.5633,2.573,2.5827,2.5958,2.6087000000000002,2.6170000000000004,2.6265,2.6395,2.6509,2.6142999999999996,2.5165999999999995,2.4198
2025-02-25,2.7513,2.6639999999999997,2.618,2.5973,2.5695999999999994,2.5765,2.5978,2.6118,2.6259,2.6379,2.6507,2.6643,2.678,2.6922000000000006,2.6701,2.5723,2.4754
2025-02-24,2.7488,2.6736000000000004,2.6301999999999994,2.6122000000000005,2.5908999999999995,2.6037,2.6250000000000004,2.6390999999999996,2.6532000000000004,2.6651,2.6773,2.6898,2.7032,2.7177999999999995,2.6797,2.582,2.4851
2025-02-21,2.7536,2.6761,2.6391000000000004,2.622,2.6000000000000005,2.6106,2.6363,2.6528999999999994,2.6703,2.6859,2.6981,2.7122,2.7281,2.7382,2.6996,2.5995,2.5002
2025-02-20,2.7624,2.6982000000000004,2.6587,2.6401,2.6175,2.6338999999999997,2.6619,2.6784999999999997,2.6956,2.7123000000000004,2.7258,2.74,2.7521,2.7623,2.7216,2.6189000000000004,2.5173
2025-02-19,2.802,2.7305,2.6847999999999996,2.6634,2.6326,2.6351999999999998,2.656,2.6723,2.6882000000000006,2.7044999999999995,2.7176,2.7294000000000005,2.7416,2.752,2.7129,2.598,2.4842
2025-02-18,2.8169,2.7405,2.6948000000000003,2.6750000000000003,2.6451999999999996,2.6449999999999996,2.6652999999999993,2.6798,2.6956,2.7112,2.7228,2.7367,2.7510999999999997,2.7581,2.7194999999999996,2.5923999999999996,2.4665
2025-02-17,2.8186,2.7336,2.6841000000000004,2.6607000000000003,2.6247,2.6227999999999994,2.6443,2.6581,2.6742,2.6907,2.7043,2.7172,2.7308,2.7409999999999997,2.6988999999999996,2.5719,2.4461
2025-02-14,2.7929,2.7191,2.6732999999999993,2.6451,2.6022,2.6005,2.624,2.6398,2.6573,2.6728,2.6876,2.6979,2.71,2.7214,2.6805,2.5539,2.4285
2025-02-13,2.7925,2.7196,2.673,2.6482,2.6123999999999996,2.6209999999999996,2.6474999999999995,2.6661999999999995,2.6842,2.7006,2.7147999999999994,2.7292000000000005,2.7432999999999996,2.7538,2.7116,2.5844000000000005,2.4586
2025-02-12,2.8123,2.7233,2.6783,2.6559000000000004,2.6275999999999997,2.6381,2.6601000000000004,2.6787,2.694,2.7085,2.7218,2.7344,2.7485,2.7585,2.714,2.5843000000000003,2.4559
2025-02-11,2.7927,2.711,2.6631,2.6404,2.6107999999999993,2.6176999999999997,2.6352000000000007,2.6493000000000007,2.6642,2.6763,2.6882000000000006,2.7006,2.7123999999999997,2.7231999999999994,2.6800999999999995,2.5408,2.4026
2025-02-10,2.7937,2.7087,2.6569,2.633,2.6008,2.6043000000000003,2.619,2.6356999999999995,2.6502,2.6625,2.6721,2.6835,2.6964999999999995,2.705,2.6647000000000003,2.5255000000000005,2.3873
2025-02-07,2.8025,2.7102999999999997,2.6620000000000004,2.6381,2.6056999999999997,2.6096999999999997,2.6241,2.6351,2.6482,2.6605,2.6716,2.6817,2.6942,2.7043,2.6594,2.5254,2.3926
2025-02-06,2.7779,2.6775000000000007,2.6173,2.5929,2.5573,2.5580999999999996,2.5698,2.5783,2.593,2.6042000000000005,2.6165,2.6252,2.6377,2.6486,2.6063,2.4723000000000006,2.3398
2025-02-05,2.7438,2.6537,2.5884000000000005,2.5639,2.5303999999999998,2.5381,2.5554,2.5637000000000003,2.5789,2.5932000000000004,2.6064000000000003,2.6169,2.6295,2.6403,2.5981,2.4643,2.3318
2025-02-04,2.7337,2.6370000000000005,2.5748999999999995,2.5573,2.5377,2.5544,2.5748,2.5861,2.6035,2.6168,2.6292000000000004,2.6383999999999994,2.6524999999999994,2.6609,2.6178999999999997,2.4740999999999995,2.3321
2025-02-03,2.6887,2.6087999999999996,2.55,2.5376000000000003,2.5258000000000003,2.5419,2.5593999999999997,2.5715999999999997,2.5893000000000006,2.6029,2.617,2.6295,2.6414999999999997,2.6500000000000004,2.6066999999999996,2.4556,2.3064
2025-01-31,2.6819,2.6081,2.5518,2.5438,2.5402,2.5621,2.5837,2.5987,2.6201000000000003,2.6337000000000006,2.6486,2.6631000000000005,2.6771,2.6855,2.6418,2.4908000000000006,2.3415
2025-01-30,2.6995,2.6245,2.5655,2.5539,2.5435999999999996,2.5645999999999995,2.5993,2.6232,2.6457,2.6648000000000005,2.684,2.6970000000000005,2.7134,2.7213,2.6777,2.5166,2.3572
2025-01-29,2.6995,2.6246,2.5655,2.5539000000000005,2.5435,2.5645,2.5992,2.6230999999999995,2.6456000000000004,2.6648,2.6839,2.697,2.7133,2.7213,2.6777,2.5166,2.3572
2025-01-28,2.6995,2.6246,2.5655000000000006,2.5539000000000005,2.5433,2.5641,2.5991999999999997,2.6222,2.6433000000000004,2.6632,2.6798,2.697,2.7133,2.7213,2.6776999999999997,2.5165999999999995,2.3571
2025-01-27,2.6995,2.6246,2.5655,2.5539000000000005,2.5435,2.5644999999999993,2.5992,2.6224,2.6436999999999995,2.6648,2.6845,2.6985,2.7133999999999996,2.7218,2.6777,2.5165999999999995,2.3571
2025-01-24,2.6995,2.6246,2.5655,2.5539000000000005,2.5435,2.5644999999999993,2.5992,2.6224,2.6436999999999995,2.6648,2.6845,2.6985,2.7133999999999996,2.7218,2.6777,2.5165999999999995,2.3571
2025-01-23,2.6959,2.6224,2.5697,2.5578,2.5434,2.5581999999999994,2.5895,2.6086,2.6292000000000004,2.6495,2.6657,2.6853,2.7006,2.7099,2.6648,2.5036,2.3443
2025-01-22,2.7258,2.6373,2.6015,2.5804,2.5525,2.5611999999999995,2.5845,2.5978,2.6166,2.6346000000000003,2.6522,2.6696,2.6829,2.6933,2.647,2.4858,2.3264
2025-01-21,2.7207,2.6321999999999997,2.5973999999999995,2.5749,2.5437,2.5477999999999996,2.5687,2.5840999999999994,2.6026,2.6228000000000002,2.6378,2.6545000000000005,2.6689,2.6791,2.6323,2.4660999999999995,2.3016
2025-01-20,2.7506,2.6534000000000004,2.6174000000000004,2.598,2.5752,2.5906,2.6187,2.636,2.6539,2.6765,2.6963,2.7107,2.7244,2.7294999999999994,2.6779999999999995,2.5118,2.3471
2025-01-17,2.7443,2.6434000000000006,2.6017,2.5801,2.554,2.5711,2.606,2.6273,2.6497,2.6705,2.6893,2.7059999999999995,2.7201,2.7304999999999997,2.6751,2.5115999999999996,2.3499
2025-01-16,2.8154,2.6908,2.6413000000000006,2.6218000000000004,2.6005999999999996,2.6228999999999996,2.6567,2.6764999999999994,2.6949,2.7114,2.7273,2.741,2.7535,2.764,2.7088999999999994,2.5473000000000003,2.3875
2025-01-15,2.8304,2.732,2.6906000000000003,2.6767000000000003,2.6642,2.6905,2.7308000000000003,2.7550999999999997,2.7725,2.7892,2.8048999999999995,2.819,2.8328999999999995,2.8415,2.7848,2.6155,2.4484
2025-01-14,2.8205,2.7232,2.6672999999999996,2.6524,2.6378999999999997,2.6615999999999995,2.6989999999999994,2.7199,2.7362000000000006,2.7518,2.7666,2.7834,2.7963,2.8032,2.7489,2.5798000000000005,2.4129
2025-01-13,2.8504,2.7382,2.6872,2.6751,2.6654999999999998,2.6898,2.7242000000000006,2.7464,2.7634,2.7803,2.7948,2.8102,2.8224,2.8317999999999994,2.7824,2.6182,2.456
2025-01-10,2.8094,2.6831,2.6157000000000004,2.5926000000000005,2.5681,2.592,2.6281999999999996,2.6525999999999996,2.6734999999999998,2.6921,2.7076,2.7259,2.7402,2.7494000000000005,2.696,2.5422,2.3902
2025-01-09,2.7507,2.6335000000000006,2.559,2.541,2.5206,2.5390999999999995,2.5717000000000003,2.5946,2.6147000000000005,2.6332000000000004,2.6508999999999996,2.6686,2.6814,2.6924000000000006,2.6404,2.4866,2.3346
2025-01-08,2.7557,2.6442999999999994,2.5742000000000003,2.5606,2.5427999999999997,2.5547,2.5861,2.6037,2.6196000000000006,2.6387,2.654,2.6707,2.6852,2.6946,2.6404,2.4991,2.3594
2025-01-07,2.8156,2.6922,2.6188,2.5988,2.5715,2.5771,2.5977,2.6119,2.629,2.6461000000000006,2.6605,2.6745,2.6874999999999996,2.6974,2.6481,2.5092,2.372
2025-01-06,2.8307,2.728,2.6647999999999996,2.6354,2.5951999999999997,2.6005,2.6242,2.6409,2.6574,2.6728,2.687,2.6998,2.7118,2.7218,2.6726,2.5340000000000003,2.3967
2025-01-03,2.8692,2.7244000000000006,2.6352,2.5952,2.542,2.5488,2.5711,2.5853,2.6027,2.6188000000000002,2.6332,2.6459,2.6589,2.6675000000000004,2.6019,2.4565000000000006,2.3125
2025-01-02,2.8661,2.7317,2.619,2.5913000000000004,2.5572,2.5724,2.5962,2.6106000000000003,2.6275,2.6459,2.66,2.6709999999999994,2.6842,2.6946,2.6403,2.4851,2.3314
2025-01-01,2.9861,2.8178,2.6866000000000003,2.6645,2.6393,2.6546999999999996,2.6756000000000006,2.6909000000000005,2.7065,2.7181000000000006,2.7312,2.7437,2.7551,2.7662,2.7167,2.5616,2.4085
2024-12-31,2.9861,2.8178,2.6866000000000003,2.6645,2.6393,2.6546999999999996,2.6756000000000006,2.6909000000000005,2.7065,2.7181000000000006,2.7312,2.7437,2.7551,2.7662,2.7167,2.5616,2.4085
2024-12-30,2.9214,2.7893,2.6721,2.653,2.6329,2.6505,2.6727000000000003,2.6879,2.705,2.7199,2.7295,2.7436000000000003,2.7581,2.765,2.7156999999999996,2.5609,2.4079
2024-12-27,2.8884,2.7756,2.6651,2.6559000000000004,2.646,2.6595999999999997,2.6852999999999994,2.7007,2.7170000000000005,2.7315000000000005,2.7447999999999997,2.7574,2.769,2.7819,2.7479000000000005,2.5805000000000002,2.4157
2024-12-26,2.9387,2.8122,2.7065,2.6986,2.6869,2.6926,2.7149,2.7285000000000004,2.7418000000000005,2.7567,2.7696999999999994,2.7813,2.7907999999999995,2.8021,2.7554,2.6101000000000005,2.4668
2024-12-25,2.9238,2.7989,2.6913,2.6801,2.6619,2.6624,2.6830000000000003,2.6967,2.7091,2.723,2.7362000000000006,2.7479,2.7574,2.7683000000000004,2.7224,2.5771999999999995,2.4339
2024-12-24,2.9238,2.7989,2.6913,2.6801000000000004,2.6616999999999997,2.662,2.683,2.6965999999999997,2.7087,2.7229000000000005,2.7362,2.7479,2.7574,2.7683,2.7223999999999995,2.5771999999999995,2.4338
2024-12-23,2.9039,2.7777,2.6679,2.6488,2.6187,2.6159,2.6351,2.6475000000000004,2.6611,2.6752000000000002,2.6848000000000005,2.6973,2.709,2.7223000000000006,2.6903,2.5208,2.3531
2024-12-20,2.891,2.7687999999999997,2.6550999999999996,2.641,2.6176,2.6158999999999994,2.6384,2.6554,2.6697,2.6842000000000006,2.6974,2.7104,2.724,2.7358,2.7023999999999995,2.5304999999999995,2.3604
2024-12-19,2.894,2.7687000000000004,2.6526000000000005,2.6307,2.5944,2.5863,2.5981,2.6058,2.6197000000000004,2.6333,2.648,2.6588,2.6703,2.6830000000000003,2.6523,2.4851999999999994,2.3202
2024-12-18,2.8343,2.7191000000000005,2.5946,2.5637,2.5157,2.5058999999999996,2.5174999999999996,2.5252,2.5411,2.5573,2.5699,2.5847,2.5962,2.6081,2.581,2.4092,2.2396
2024-12-17,2.874,2.7677,2.668,2.6359,2.5855,2.5738,2.5856000000000003,2.5918,2.6034,2.6200000000000006,2.6331000000000007,2.6445,2.6557,2.671,2.6446,2.4725,2.3026
2024-12-16,2.7848,2.7043,2.6121,2.5743,2.5176,2.5063,2.5142,2.5249999999999995,2.5401000000000002,2.5545,2.5666999999999995,2.5801000000000003,2.5915,2.6074,2.5833,2.4093,2.2368
2024-12-13,2.8114,2.7103,2.6114,2.5649,2.4942,2.4798000000000004,2.4909,2.498,2.5104,2.5235,2.5361999999999996,2.5461,2.5572,2.5742,2.5534,2.3794,2.2069
2024-12-12,2.8586,2.7446000000000006,2.6392,2.5866000000000002,2.5082,2.5007,2.5179000000000005,2.5279,2.5413,2.5594000000000006,2.5752000000000006,2.5841,2.5959999999999996,2.6114,2.5849999999999995,2.4155,2.2477
2024-12-11,2.8439,2.7327,2.6347,2.5796,2.4992,2.4887,2.503,2.5144,2.5286,2.5430000000000006,2.5590000000000006,2.5681,2.5801,2.5955,2.5694,2.3998999999999997,2.2323
2024-12-10,2.8289,2.714,2.612,2.5598,2.4831,2.4700999999999995,2.4765,2.4815000000000005,2.4935000000000005,2.5032,2.5152,2.528,2.5374,2.5528,2.5218,2.3549,2.1898
2024-12-09,2.8238,2.7052,2.6120999999999994,2.5597,2.4827,2.467,2.4659,2.4631,2.4720000000000004,2.4834,2.5013,2.507,2.5098,2.5261,2.4993,2.3326,2.1672
2024-12-06,2.8665,2.7531,2.6618,2.6203,2.5535000000000005,2.5307,2.5335,2.5361999999999996,2.5461000000000005,2.5581,2.5682000000000005,2.5757,2.5838,2.5991,2.5729,2.4109,2.2505
2024-12-05,2.8699,2.7519,2.6557,2.6089,2.5333,2.5109,2.5138000000000003,2.5189,2.53,2.5409000000000006,2.5526000000000004,2.5597000000000003,2.5687,2.5848,2.5589,2.4091,2.2607
2024-12-04,2.8783,2.7612,2.6653,2.6272,2.5657,2.5446,2.5479999999999996,2.5503,2.5617,2.5739000000000005,2.584,2.5921,2.6024,2.6199,2.5938999999999997,2.4708999999999994,2.3494
2024-12-03,2.8883,2.7687,2.6678999999999995,2.6172,2.5397,2.5181,2.5175999999999994,2.5179,2.5272000000000006,2.5359,2.5422999999999996,2.5514,2.5638,2.5818,2.5555,2.4327,2.3113
2024-12-02,2.8715,2.7568,2.6615,2.6045,2.5227,2.5087,2.5067,2.5063999999999997,2.5147,2.5254,2.5319,2.541,2.5538,2.5738000000000003,2.5459000000000005,2.4330000000000003,2.3215
2024-11-29,2.8805,2.7856,2.7083,2.6658,2.6049,2.5951000000000004,2.5949,2.5940999999999996,2.6008,2.6129,2.6209,2.6332000000000004,2.6423999999999994,2.6575000000000006,2.6266000000000003,2.5110999999999994,2.397
2024-11-28,2.855,2.7898,2.7283999999999997,2.6917,2.6387999999999994,2.6276999999999995,2.6249999999999996,2.6257,2.6354,2.6439,2.6560000000000006,2.6646,2.6735,2.6871,2.6453,2.537,2.4301
2024-11-27,2.9885,2.9207,2.8487,2.8094,2.7486,2.7291999999999996,2.7299000000000007,2.7305,2.7399,2.7453,2.7535,2.7617,2.7712,2.7814000000000005,2.738,2.6177000000000006,2.499
2024-11-26,3.0167,2.9408,2.86,2.8264000000000005,2.7723,2.7519,2.753,2.7515999999999994,2.7614999999999994,2.7687,2.7768,2.7848999999999995,2.7945,2.8055,2.7586000000000004,2.638,2.5193
2024-11-25,3.0218,2.9408000000000003,2.854,2.8228,2.7716999999999996,2.7511,2.7523,2.7541999999999995,2.7648,2.7746,2.7852999999999994,2.7952,2.8048000000000006,2.816,2.7710999999999997,2.6481,2.5268
2024-11-22,3.1205,3.005,2.9082999999999997,2.8721,2.8148999999999997,2.796,2.8015000000000003,2.8067999999999995,2.8178,2.8298000000000005,2.8421,2.8512,2.8589,2.8704000000000005,2.822,2.7013000000000003,2.5824
2024-11-21,3.1383,3.0268999999999995,2.9357,2.8934000000000006,2.8281,2.8084999999999996,2.8122999999999996,2.8132999999999995,2.8217000000000003,2.8313000000000006,2.8417000000000003,2.8515000000000006,2.8611,2.872,2.8267,2.7035000000000005,2.5821
2024-11-20,3.185,3.0807,2.9874000000000005,2.9398,2.8691999999999998,2.8471,2.8475,2.8508,2.8581,2.8648,2.8731,2.8828000000000005,2.8922,2.9027000000000003,2.8546999999999993,2.7238999999999995,2.595
2024-11-19,3.185,3.0996000000000006,3.0176000000000003,2.9686,2.8939,2.8714,2.8726,2.8741999999999996,2.8809,2.8881,2.8964000000000003,2.906,2.9152999999999993,2.9258,2.8775,2.7441999999999998,2.6128
2024-11-18,3.185,3.1147,3.0511000000000004,3.0015000000000005,2.9264,2.903,2.9019,2.9034,2.9103,2.9167000000000005,2.9249,2.9343000000000004,2.9435,2.9542,2.9071999999999996,2.7613999999999996,2.6179
2024-11-15,3.2118,3.1412,3.0779000000000005,3.0285,2.9534,2.9289,2.9297,2.9324,2.9398000000000004,2.9471,2.9533000000000005,2.9634000000000005,2.9744,2.9849,2.9375,2.7916999999999996,2.6482
2024-11-14,3.1948,3.1325,3.0624000000000002,3.0125000000000006,2.9374,2.9125999999999994,2.9135,2.9167,2.9256,2.9353000000000002,2.9460000000000006,2.9573,2.9664,2.9755,2.9241999999999995,2.7734,2.6252
2024-11-13,3.2156,3.1374000000000004,3.0779,3.0249,2.9487,2.9228999999999994,2.9198000000000004,2.9193,2.9261,2.9331,2.9430000000000005,2.9524000000000004,2.9623,2.9773000000000005,2.9318999999999997,2.7762999999999995,2.6229
2024-11-12,3.185,3.1072,3.0443999999999996,2.9876,2.9026999999999994,2.8779999999999997,2.874,2.8719,2.8798000000000004,2.8881,2.8964,2.9059,2.9164000000000003,2.9340000000000006,2.8884000000000003,2.7305,2.5748
2024-11-11,3.1852,3.1047,3.0431,2.9881000000000006,2.9069999999999996,2.885,2.8824,2.8837,2.8926000000000003,2.8997000000000006,2.9098000000000006,2.9185000000000003,2.927,2.9442,2.896,2.7357,2.5776
2024-11-08,3.1714,3.0896,3.0277,2.9724,2.8905999999999996,2.8697,2.8719000000000006,2.8766,2.8881000000000006,2.8972000000000007,2.9071,2.9167,2.9266,2.9422,2.8981,2.7354,2.575
2024-11-07,3.174,3.1062,3.0525000000000007,3.0037000000000003,2.9351000000000003,2.9253999999999993,2.9346000000000005,2.9438,2.9529,2.9625000000000004,2.9741000000000004,2.9841,2.9953,3.0089,2.9768,2.8086,2.643
2024-11-06,3.2054,3.1297999999999995,3.0712,3.0362000000000005,2.9864,2.978,2.9869,2.9952,3.0067,3.0144,3.0257000000000005,3.0356,3.0460999999999996,3.0572000000000004,3.0352000000000006,2.8593,2.6862
2024-11-05,3.1814,3.0958,3.0342999999999996,2.9894000000000003,2.9259,2.9165,2.9229000000000003,2.9308999999999994,2.9399,2.9467,2.958,2.9667000000000003,2.9771999999999994,2.9912,2.9627,2.8068,2.6532
2024-11-04,3.1879,3.0972000000000004,3.0344,2.9975999999999994,2.9461999999999997,2.9388,2.9442,2.9514,2.9593,2.9705,2.9814000000000003,2.9894,3.0003999999999995,3.0134,2.9875000000000003,2.8192,2.6533
2024-11-01,3.1792,3.0857999999999994,3.023,2.99,2.9436,2.9358999999999997,2.9396000000000004,2.9462,2.9534,2.962,2.9715,2.981,2.9926999999999997,3.0055,2.9777,2.8194,2.6636
2024-10-31,3.1607,3.0679000000000003,3.012,2.9806,2.9362999999999997,2.9291,2.9328,2.9385,2.9477,2.9564,2.9661000000000004,2.9759,2.9874,3.0003,2.9752,2.8218000000000005,2.6708
2024-10-30,3.175,3.0745,3.0116,2.9812,2.9376,2.9314,2.938,2.9443,2.9541,2.9653,2.9767,2.9865,2.9979999999999998,3.0120000000000005,2.9886,2.8375,2.6888
2024-10-29,3.1844,3.0745,3.0193,2.9878,2.9425,2.9343,2.9383,2.9445,2.9533000000000005,2.9659000000000004,2.9774,2.9874,2.9986999999999995,3.0137999999999994,2.9892999999999996,2.843,2.699
2024-10-28,3.1692,3.0603,3.0073,2.9769000000000005,2.9323,2.9235999999999995,2.9296000000000006,2.9369,2.9467,2.9579,2.9702,2.9820000000000007,2.9932,3.0074,2.9874,2.8534999999999995,2.7215
2024-10-25,3.1279,3.0205,2.9646,2.928,2.8752999999999997,2.8659999999999997,2.8704,2.8769999999999993,2.888,2.8984,2.9102000000000006,2.9204000000000003,2.9314,2.9451,2.9264,2.7978,2.6708
2024-10-24,3.1188,3.0191,2.9684999999999997,2.9304000000000006,2.8751999999999995,2.8654999999999995,2.8748,2.8856000000000006,2.8976,2.9089,2.9212,2.9327,2.9445,2.9584,2.9417,2.8105,2.6812
2024-10-23,3.187,3.0784999999999996,3.0245,2.9848,2.9276,2.9171999999999993,2.9293999999999993,2.9379999999999997,2.9485,2.9613,2.9735,2.9859,2.9987,3.0123000000000006,2.9956,2.8641,2.7344
2024-10-22,3.1921,3.0861,3.0218,2.9829999999999997,2.9252999999999996,2.9139,2.9253,2.9364,2.9493000000000005,2.9613,2.9744999999999995,2.9892000000000003,3.0012,3.0152,3.0009999999999994,2.8719,2.7446
2024-10-21,3.1872,3.0647,2.9910000000000005,2.9457,2.8779000000000003,2.8611,2.8669,2.873,2.8837,2.8942,2.9066999999999994,2.9185,2.9297,2.9447,2.9302000000000006,2.8063,2.6841
2024-10-18,3.2074,3.0837,3.0045,2.9595,2.893,2.879,2.889,2.8964999999999996,2.9066000000000005,2.9175,2.9292000000000002,2.9399000000000006,2.9523999999999995,2.9651,2.9497999999999998,2.8184999999999993,2.6891
2024-10-17,3.2005,3.0765,2.9989,2.9455,2.867,2.8491999999999997,2.8545999999999996,2.8585,2.8666,2.8755000000000006,2.8875,2.8976000000000006,2.9088,2.9227000000000003,2.9069,2.7857,2.6661
2024-10-16,3.1819,3.0596000000000005,2.9842999999999997,2.9254,2.8421999999999996,2.8244,2.8281,2.8322,2.8412000000000006,2.8501000000000003,2.8564,2.8681000000000005,2.8827,2.8956,2.8838,2.7577,2.6333
2024-10-15,3.1921,3.0785,3.0077000000000003,2.9546,2.8825999999999996,2.8776,2.8855000000000004,2.8913,2.9024,2.9111,2.9213000000000005,2.9325,2.9447999999999994,2.9597000000000007,2.9469,2.8476,2.7499
2024-10-14,3.2124,3.105,3.0345,2.9858,2.9189999999999996,2.9131999999999993,2.9214000000000007,2.9269999999999996,2.9353,2.9449,2.9551000000000003,2.9671,2.9805999999999995,2.9944,2.9799,2.878,2.7777
2024-10-11,3.2174,3.1125,3.0479999999999996,3.0059000000000005,2.9462999999999995,2.9349999999999996,2.9358,2.9379,2.9468,2.9546,2.9617,2.9698,2.9806000000000004,2.9946,2.9823,2.883,2.7853
2024-10-10,3.2458,3.16,3.0887,3.0381,2.9651,2.9449999999999994,2.9354,2.933,2.9391000000000003,2.9476,2.9552,2.963,2.9728,2.9893,2.9777,2.8813,2.7864
2024-10-09,3.302,3.1809,3.0909,3.0245,2.9296,2.9055,2.9053,2.9077999999999995,2.9161,2.9243999999999994,2.9320000000000004,2.9405,2.9517999999999995,2.9666,2.9573,2.8585,2.7612
2024-10-08,3.3021,3.1809,3.0909,3.0245,2.9295,2.9054,2.9051,2.9074999999999998,2.9157,2.9243,2.9319,2.9404,2.952,2.9680000000000004,2.9573,2.8584,2.7612
2024-10-07,3.3122,3.162,3.0696,3.0205000000000006,2.9423,2.9133,2.9053,2.9034,2.9139000000000004,2.9217,2.9309000000000003,2.943,2.9547,2.9715000000000003,2.9601,2.8637,2.7689
2024-10-04,3.2512,3.0660999999999996,2.9482,2.8795000000000006,2.7763,2.7533,2.754,2.7612,2.7765000000000004,2.7923000000000004,2.8041,2.8181,2.8310999999999997,2.8489999999999998,2.8435999999999995,2.7624999999999997,2.6827
2024-10-03,3.1971,3.0176,2.9087,2.8309000000000006,2.7123,2.6856999999999998,2.6851,2.6897,2.6994,2.7138,2.725,2.7374,2.7533,2.7688,2.7642,2.6809999999999996,2.5993
2024-10-02,3.1972,3.0190000000000006,2.9088,2.8308999999999997,2.7133,2.6884,2.687,2.6905000000000006,2.7013,2.7138,2.7259,2.7396000000000003,2.7536999999999994,2.7707,2.7642000000000007,2.6811000000000003,2.5992
2024-10-01,3.2257,3.0383,2.9199,2.8437,2.7355999999999994,2.7168999999999994,2.7244,2.7335999999999996,2.7466000000000004,2.7620000000000005,2.7768000000000006,2.7882,2.8027,2.8205,2.8106,2.7296000000000005,2.65
2024-09-30,3.2257,3.0383,2.9198,2.8438000000000003,2.7356999999999996,2.7166999999999994,2.7238,2.7336999999999994,2.7467,2.7621,2.7769000000000004,2.7883,2.8027000000000006,2.8201000000000005,2.8106,2.7296,2.65
2024-09-27,3.2308,3.0459000000000005,2.924,2.8498,2.7461,2.7296,2.7366,2.7492,2.7601,2.7719000000000005,2.7848,2.7962999999999996,2.8104999999999998,2.8289,2.8204,2.7369,2.655
2024-09-26,3.2174,3.0410999999999997,2.9099,2.8419,2.7425,2.7241999999999997,2.7355,2.7471,2.7592,2.7720999999999996,2.7849,2.7965000000000004,2.8104,2.8278999999999996,2.8181,2.7372,2.6575
2024-09-25,3.2375,3.0636999999999994,2.9288,2.8565,2.7502,2.7281,2.7356000000000003,2.7452999999999994,2.7533,2.7669,2.7792000000000003,2.7897999999999996,2.8051,2.8211,2.8105,2.7294999999999994,2.65
2024-09-24,3.2467,3.1082,2.9766,2.9016000000000006,2.7894,2.7624,2.7692,2.7764000000000006,2.7835,2.7951000000000006,2.8078999999999996,2.8187,2.8308,2.8471,2.8281999999999994,2.7472,2.6675
2024-09-23,3.2678,3.1276,2.9956,2.912,2.7883999999999998,2.7587999999999995,2.7595999999999994,2.7636,2.7712000000000003,2.7851,2.7972,2.8069,2.8204000000000002,2.8348,2.818,2.7346,2.6524
2024-09-20,3.2793,3.1351,2.9989999999999997,2.9056999999999995,2.7669999999999995,2.7296999999999993,2.7261000000000006,2.7304,2.7403,2.7540000000000004,2.7662,2.7753,2.7875,2.8042,2.7872000000000003,2.6989,2.6119
2024-09-19,3.2879,3.1539,3.0206,2.9206,2.7689,2.7248,2.7219000000000007,2.7229,2.7258000000000004,2.7358000000000007,2.7484,2.7587000000000006,2.7718999999999996,2.7861,2.7545999999999995,2.6738999999999997,2.5942
2024-09-18,3.2728,3.1502,3.0157000000000003,2.9168000000000003,2.7653,2.7164,2.7051,2.7012999999999994,2.7038,2.7128999999999994,2.7197000000000005,2.7289,2.7408,2.7548000000000004,2.7313000000000005,2.6457000000000006,2.5613
2024-09-17,3.2728,3.1502,3.0157,2.9171,2.7656999999999994,2.7165,2.7052,2.7014,2.7038,2.7144000000000004,2.7235,2.729,2.7409,2.7548,2.7312999999999996,2.6458,2.5614
2024-09-16,3.2729,3.1502,3.0157,2.9171,2.7657,2.7164,2.7052000000000005,2.7014,2.7038,2.7129,2.7196999999999996,2.729,2.7412,2.7571,2.7313,2.6458,2.5614
2024-09-13,3.2729,3.1502,3.0156999999999994,2.917,2.7656999999999994,2.7163999999999997,2.7051,2.7014000000000005,2.7038000000000006,2.7129,2.7197,2.7289,2.7412,2.7571,2.7312999999999996,2.6457,2.5613
2024-09-12,3.3335,3.1866,3.0538999999999996,2.9631,2.8220999999999994,2.7719,2.7580000000000005,2.7530999999999994,2.7553000000000005,2.7618,2.7706,2.7758000000000003,2.7874,2.7998000000000003,2.7709,2.6629,2.5564
2024-09-11,3.2831,3.1489,3.0189999999999997,2.9262000000000006,2.7829,2.7318999999999996,2.7128999999999994,2.7065999999999995,2.7132000000000005,2.7269000000000005,2.7397,2.7457,2.7596,2.7753999999999994,2.7638,2.7002,2.6375
2024-09-10,3.2831,3.1565,3.0391,2.9571000000000005,2.8307,2.7851999999999997,2.7703000000000007,2.7678,2.7751,2.7859,2.7979,2.8075000000000006,2.8213999999999997,2.8385,2.8275,2.7636999999999996,2.7007
2024-09-09,3.2881,3.164,3.0423999999999998,2.9628000000000005,2.8391,2.7948999999999997,2.7837,2.7813,2.7897,2.8009,2.8119000000000005,2.823,2.8367999999999998,2.8538,2.8429,2.7815,2.7209
2024-09-06,3.2743,3.149,3.0304,2.9472000000000005,2.8176000000000005,2.7691999999999997,2.7520000000000002,2.7449,2.7527000000000004,2.7606,2.7732,2.7784,2.7905999999999995,2.808,2.7995999999999994,2.7384,2.6779
2024-09-05,3.273,3.1771,3.0686,2.9851000000000005,2.855,2.8061999999999996,2.7904000000000004,2.788,2.7933,2.8033000000000006,2.8129,2.8211,2.8342,2.8512,2.8404,2.779,2.7183
2024-09-04,3.2881,3.1865,3.0798,3.0018000000000002,2.8763,2.8234,2.8075,2.803,2.8071,2.8188,2.8283000000000005,2.8353999999999995,2.8469999999999995,2.8639000000000006,2.8531,2.7916,2.7309
2024-09-03,3.3083,3.2053000000000003,3.1025000000000005,3.0343000000000004,2.9278,2.8876999999999997,2.8775000000000004,2.8767,2.8809,2.8934000000000006,2.9026,2.9149,2.9267,2.9433,2.9319,2.8677,2.8043
2024-09-02,3.3093,3.2077999999999998,3.1058,3.0415000000000005,2.9403,2.8992,2.886,2.8878,2.8935,2.9042000000000003,2.9148,2.9249,2.9367,2.9535,2.9446,2.8827999999999996,2.8218
2024-08-30,3.2855,3.189,3.0856999999999997,3.0167,2.9075,2.866,2.8586,2.8599,2.8682,2.8783000000000003,2.8889999999999993,2.8991000000000002,2.911,2.9279,2.914,2.8524,2.7915
2024-08-29,3.2993,3.197,3.092,3.0189,2.9035,2.8608000000000002,2.8552999999999997,2.8586,2.8648,2.8789000000000002,2.892,2.9051,2.9183,2.9326,2.9192,2.8575,2.7965
2024-08-28,3.288,3.1796,3.0775,3.0003000000000006,2.8802,2.8401,2.8396,2.8464999999999994,2.856,2.8682,2.8818000000000006,2.8957,2.9081,2.9236,2.9088,2.8472,2.7864
2024-08-27,3.3194,3.2098999999999998,3.1043,3.0284999999999997,2.9118999999999997,2.8735,2.8741,2.8803999999999994,2.8891,2.9026999999999994,2.9162,2.9254000000000002,2.9388,2.9535999999999993,2.9423,2.8855000000000004,2.8293
2024-08-26,3.3144,3.196,3.0842,3.0013,2.8717,2.8207,2.8101000000000003,2.8106,2.8147,2.8256999999999994,2.8353000000000006,2.8478000000000003,2.8605,2.882,2.8734,2.8119,2.7511
2024-08-23,3.3345,3.2188,3.1077,3.0334000000000003,2.913,2.8593,2.8477,2.8463,2.853,2.8634000000000004,2.8759000000000006,2.8858000000000006,2.8969999999999994,2.9223000000000003,2.9166999999999996,2.8575,2.7991
2024-08-22,3.2988,3.1916,3.0920000000000005,3.0174,2.8972,2.8437,2.8312,2.8321,2.8387,2.8492,2.8600999999999996,2.871,2.8838,2.9075999999999995,2.9014,2.8448,2.7888
2024-08-21,3.3215,3.2287999999999997,3.1211,3.0483000000000002,2.9321999999999995,2.8763,2.8596,2.8546999999999993,2.8568,2.8643,2.873,2.8822,2.8914,2.9153,2.9091,2.8525,2.7965
2024-08-20,3.3345,3.2301,3.1252,3.0500000000000003,2.9266,2.8681999999999994,2.8507,2.8455000000000004,2.8497000000000003,2.8575000000000004,2.8674,2.8746999999999994,2.8841,2.9088000000000003,2.9017000000000004,2.8450000000000006,2.789
2024-08-19,3.3144,3.2037000000000004,3.105,3.0256000000000003,2.8979999999999997,2.8413999999999997,2.8253,2.8186,2.8221,2.8303,2.8375,2.8478,2.8607999999999993,2.8848000000000003,2.8788,2.8222,2.7663
2024-08-16,3.3094,3.2037,3.0976999999999997,3.0164,2.8886,2.8360999999999996,2.82,2.8132,2.8165,2.8257,2.8353,2.8465,2.8559,2.8809,2.8762,2.8195999999999994,2.7638
2024-08-15,3.2939,3.1754,3.0753,2.9833000000000003,2.8409999999999997,2.7899999999999996,2.7805999999999997,2.7784,2.7859000000000003,2.7957,2.8067,2.8172,2.8304,2.8543000000000003,2.8483000000000005,2.7918,2.736
2024-08-14,3.2939,3.1755,3.0768,2.9841,2.8411,2.7892,2.7789000000000006,2.7767000000000004,2.7818,2.7956,2.8079,2.8209000000000004,2.8305,2.8544000000000005,2.8483,2.7918,2.736
2024-08-13,3.2794,3.1724,3.0676999999999994,2.9883,2.8646,2.8182,2.8083000000000005,2.8073999999999995,2.8144,2.8271,2.8386000000000005,2.8513,2.864,2.8870999999999998,2.8741,2.8175,2.7614
2024-08-12,3.3246,3.1915000000000004,3.0886,3.0108000000000006,2.8928999999999996,2.8529,2.8423000000000003,2.8385,2.8456,2.8569,2.8683,2.881,2.8929,2.9153000000000002,2.9053,2.8484,2.7921
2024-08-09,3.2895,3.1674999999999995,3.061,2.991,2.8845,2.8508000000000004,2.8494,2.8496,2.8553000000000006,2.8722,2.8832,2.8955,2.9084,2.9323,2.9203,2.8634000000000004,2.8072
2024-08-08,3.2534,3.1288000000000005,3.0224000000000006,2.9584,2.8638999999999997,2.8386,2.8386,2.8439000000000005,2.8532,2.8619999999999997,2.8754,2.8889,2.9029999999999996,2.926,2.915,2.8581,2.802
2024-08-07,3.2568,3.151,3.0476,2.9859000000000004,2.892,2.8547,2.846,2.8464999999999994,2.8508,2.8648,2.8777000000000004,2.8900000000000006,2.9028999999999994,2.9255,2.91,2.8532,2.797
2024-08-06,3.2795,3.1675000000000004,3.0611000000000006,3.0011,2.903,2.8579999999999997,2.8462,2.8445999999999994,2.8538000000000006,2.8631999999999995,2.8775000000000004,2.8888,2.9032,2.9257,2.9101999999999997,2.8533,2.7971
2024-08-05,3.1791,3.0685,2.9571,2.8918,2.7853,2.7381999999999995,2.7307,2.7296,2.7392,2.7557,2.769,2.7818,2.7971,2.8174,2.8053,2.744,2.6832
2024-08-02,3.3496,3.2351,3.1314,3.0423000000000004,2.9019,2.8423,2.82,2.8095,2.8133000000000004,2.8249,2.8353999999999995,2.8465,2.8614,2.8831,2.8686,2.8045,2.7412
2024-08-01,3.3754,3.2531,3.163,3.0813,2.9489,2.8875000000000006,2.8670000000000004,2.8574999999999995,2.8594,2.8708000000000005,2.8814000000000006,2.8919000000000006,2.9044999999999996,2.9246,2.9063,2.8422000000000005,2.7789
2024-07-31,3.3709,3.2621,3.1746999999999996,3.0997,2.9804999999999997,2.9249,2.9096000000000006,2.9032,2.9079000000000006,2.9214,2.9286000000000003,2.9422,2.9577000000000004,2.9734,2.9523,2.888,2.8244
2024-07-30,3.3394,3.2314,3.1479,3.0779999999999994,2.9653,2.9146,2.9004,2.8927,2.8974999999999995,2.9124,2.9234,2.9357,2.9482,2.9683,2.9470999999999994,2.8828,2.8194
2024-07-29,3.3203,3.2168,3.1311,3.0572000000000004,2.9399,2.8924,2.8814,2.8730999999999995,2.8803,2.8924,2.905,2.9168999999999996,2.9301,2.9500000000000006,2.9288,2.8572,2.7865
2024-07-26,3.366,3.2507,3.1746999999999996,3.1006,2.9848999999999997,2.9431999999999996,2.9382,2.9329,2.9385999999999997,2.9521,2.9641000000000006,2.9751000000000003,2.9892000000000003,3.0089,2.9872,2.9129,2.8396
2024-07-25,3.344,3.2512999999999996,3.1727999999999996,3.0974,2.983,2.9472,2.9448,2.9459,2.9544000000000006,2.9688,2.9797,2.9925,3.0068,3.0263000000000004,3.0047,2.9304000000000006,2.8571
2024-07-24,3.3909,3.2834,3.2028,3.1274,3.015,2.9759999999999995,2.9684000000000004,2.9671000000000003,2.9732,2.9849000000000006,2.9955,3.0069000000000004,3.0174,3.0374,3.0121,2.9303,2.8497
2024-07-23,3.3895,3.3008999999999995,3.2282,3.1621,3.0592999999999995,3.0204,3.0111000000000003,3.0115999999999996,3.0186000000000006,3.0311,3.0412000000000003,3.0517,3.0631999999999997,3.0818,3.0516,2.9522999999999997,2.8545
2024-07-22,3.4046,3.3047,3.2215,3.1520000000000006,3.0435,3.0013,2.9909,2.9879,2.9943,3.0051000000000005,3.0151,3.0252,3.0373,3.0552999999999995,3.0260999999999996,2.9268999999999994,2.8292
2024-07-19,3.4096,3.3085,3.2301999999999995,3.1619000000000006,3.0548,3.0113999999999996,2.9981000000000004,2.9939,3.0022000000000006,3.0129,3.0229,3.033,3.0451999999999995,3.0641,3.0360999999999994,2.9370000000000003,2.8392
2024-07-18,3.3954,3.2917000000000005,3.2138000000000004,3.1432000000000007,3.0335,2.9915,2.9782,2.9715,2.9782,2.9886000000000004,2.9971000000000005,3.0069,3.0193999999999996,3.0383,3.0104,2.9113999999999995,2.8138
2024-07-17,3.4059,3.2832,3.2019,3.1326,3.0260999999999996,2.9849999999999994,2.9789,2.9766,2.9837000000000002,2.9940000000000007,3.0045,3.0154,3.0268,3.0469,3.0203,2.9189000000000003,2.8188
2024-07-16,3.3643,3.2478,3.1743999999999994,3.106,3.0007999999999995,2.9675999999999996,2.9691,2.9704,2.978,2.9909,3.0018000000000002,3.0146,3.0287,3.0463999999999998,3.0177,2.9162,2.8161
2024-07-15,3.3895,3.2794000000000003,3.2146999999999997,3.1507,3.0503,3.013,3.0106000000000006,3.0132,3.0203,3.0322,3.0405,3.0521,3.067,3.0818,3.0560999999999994,2.9545000000000003,2.8542
2024-07-12,3.3844,3.2931000000000004,3.2414,3.1751,3.0705999999999998,3.0302999999999995,3.0228,3.0170999999999997,3.021,3.0292,3.0373,3.0475,3.0591,3.0748,3.0479999999999996,2.9466000000000006,2.8465
2024-07-11,3.4261,3.3521,3.3072000000000004,3.25,3.1548,3.1075999999999997,3.0931,3.0847000000000007,3.0869999999999997,3.0937000000000006,3.1010000000000004,3.1091,3.1206999999999994,3.1360000000000006,3.1085,2.9994000000000005,2.8918
2024-07-10,3.4755,3.3536,3.2917000000000005,3.2201,3.1095,3.0642999999999994,3.0536000000000003,3.0483,3.0512,3.0611,3.0695,3.0765,3.0896999999999997,3.1037,3.0782999999999996,2.9692000000000003,2.8616
2024-07-09,3.4496,3.3409,3.2816,3.2111000000000005,3.1024000000000003,3.0644999999999993,3.0552000000000006,3.0488,3.0533999999999994,3.0607,3.0706000000000007,3.080700000000001,3.0920999999999994,3.1072000000000006,3.0831,2.9715999999999996,2.8615
2024-07-08,3.4107,3.3146,3.256,3.1942,3.1,3.0670999999999995,3.0557,3.05,3.0537999999999994,3.0613000000000006,3.0683,3.0802000000000005,3.0908999999999995,3.1020000000000003,3.0806,2.974,2.8689
2024-07-05,3.4044,3.3094,3.2547,3.1970000000000005,3.1108,3.0785999999999993,3.0687,3.066,3.0697000000000005,3.0777000000000005,3.085,3.0939999999999994,3.1069,3.12,3.0977,2.9838,2.8715
2024-07-04,3.3795,3.3022,3.2426999999999997,3.1913,3.1138,3.0837999999999997,3.0776,3.0759999999999996,3.0796,3.0862,3.0969,3.1037999999999997,3.1149999999999998,3.1323,3.1100999999999996,2.9962,2.8838
2024-07-03,3.4012,3.3269,3.2748,3.224,3.1487999999999996,3.1181999999999994,3.1138,3.1128999999999993,3.1162999999999994,3.1234,3.1294,3.1393,3.1504,3.1647,3.1459999999999995,3.0319,2.9195
2024-07-02,3.3945,3.3485,3.2929,3.2371,3.1553999999999998,3.1238,3.1193,3.1202000000000005,3.1248,3.131,3.1388,3.1488,3.1600999999999995,3.1745,3.1528999999999994,3.0363999999999995,2.9217
2024-07-01,3.4595,3.4036000000000004,3.3585000000000003,3.3046000000000006,3.2190999999999996,3.1821,3.1694,3.1629999999999994,3.1609000000000003,3.165,3.1715,3.1774000000000004,3.1859999999999995,3.2012,3.1784999999999997,3.0619,2.9471
2024-06-28,3.4502,3.3922000000000003,3.3417,3.2823,3.1874999999999996,3.1444,3.1268,3.1182999999999996,3.1165,3.1201000000000003,3.1247,3.1303,3.1398,3.1551,3.1322,3.0134,2.8966
2024-06-27,3.4815,3.4216000000000006,3.3706000000000005,3.3119000000000005,3.2183,3.1766,3.1600000000000006,3.1514999999999995,3.1489,3.1519,3.1528000000000005,3.1598,3.1724,3.1847000000000003,3.163,3.0465,2.9317
2024-06-26,3.4839,3.4144999999999994,3.3551,3.298,3.2056,3.1593999999999998,3.1447,3.136,3.1315,3.1345000000000005,3.1405,3.1395,3.1468,3.1576,3.1352999999999995,3.0188999999999995,2.9042
2024-06-25,3.4738,3.4032,3.3382999999999994,3.2817,3.1901,3.1485,3.1325,3.1215999999999995,3.1217,3.1252000000000004,3.1295999999999995,3.1339,3.1417,3.1525000000000003,3.1302999999999996,3.0138,2.8991
2024-06-24,3.4494,3.3805,3.3221999999999996,3.2688,3.1824,3.1439999999999997,3.1305,3.1215,3.1216,3.1244,3.1272,3.1334,3.1437,3.1521999999999997,3.1272999999999995,3.0059,2.8865
2024-06-21,3.4385,3.3690999999999995,3.3014,3.2484,3.1604,3.1185,3.1024,3.0892,3.0877,3.0914000000000006,3.0962000000000005,3.1019,3.1103,3.1192,3.0963,2.9727,2.8511
2024-06-20,3.4571,3.4018,3.3369,3.2874,3.2034999999999996,3.1570999999999994,3.1362,3.123,3.1213,3.1247999999999996,3.1288000000000005,3.1325999999999996,3.141,3.1495,3.1244,3.0031,2.8837
2024-06-19,3.4334,3.3880000000000003,3.3209,3.2637000000000005,3.1698,3.1173999999999995,3.0924,3.0784999999999996,3.0769,3.0803000000000003,3.0833,3.0883,3.0949999999999998,3.1040999999999994,3.0792999999999995,2.9629999999999996,2.8482
2024-06-18,3.494,3.441,3.3853000000000004,3.3294,3.2322,3.1762999999999995,3.1555999999999997,3.1447999999999996,3.1432999999999995,3.1452,3.1493,3.1578999999999997,3.1647,3.1758,3.155199999999999,3.0287,2.9036
2024-06-17,3.512,3.4469,3.3877,3.3292,3.2295,3.1754,3.1546000000000003,3.1449999999999996,3.1465,3.1521,3.1540000000000004,3.1617,3.1697,3.1814000000000004,3.1651,3.0362,2.9086
2024-06-14,3.5506,3.4757,3.4159000000000006,3.3589,3.2612999999999994,3.2075,3.1852,3.1737999999999995,3.1736000000000004,3.1768,3.1815000000000007,3.1864,3.1928,3.2041,3.1855,3.0615,2.9389
2024-06-13,3.5598,3.5019000000000005,3.4406999999999996,3.3832,3.2887,3.2452,3.2312,3.224,3.2254000000000005,3.2291,3.2345000000000006,3.2373,3.2441000000000004,3.2562,3.2377,3.1012,2.9663
2024-06-12,3.5647,3.5092,3.4590999999999994,3.4054,3.3203000000000005,3.2797,3.2645000000000004,3.2566,3.2575,3.2595000000000005,3.2617000000000003,3.2661,3.2726,3.2826,3.2585999999999995,3.1168999999999993,2.9769
2024-06-11,3.5748,3.5243,3.4759,3.4294000000000002,3.3528999999999995,3.3150999999999997,3.3,3.2939,3.2957,3.2985,3.3005,3.3055000000000003,3.3137,3.324,3.3072,3.1653,3.025
2024-06-10,3.5697,3.5129,3.4705000000000004,3.4327000000000005,3.3700999999999994,3.3367,3.3206,3.3126999999999995,3.3151000000000006,3.3174000000000006,3.3215,3.3262,3.3318999999999996,3.3437,3.3252,3.1856999999999998,3.0479
2024-06-07,3.5748,3.4978,3.4388999999999994,3.3949,3.3212,3.2813,3.2621000000000007,3.2522,3.2547,3.2578,3.2624,3.2692,3.2774999999999994,3.2863,3.2665,3.1298,2.9949
2024-06-06,3.5796,3.5063000000000004,3.4651,3.4217,3.3514,3.3160999999999996,3.2983,3.2905,3.2918,3.2969,3.3031,3.3088,3.3138,3.3252000000000006,3.3072,3.1728000000000005,3.0402
2024-06-05,3.5796,3.5063,3.4651,3.4217,3.3513999999999995,3.3161999999999994,3.2995000000000005,3.2923,3.2926,3.2982000000000005,3.3007999999999997,3.3068,3.3137,3.3247,3.3072,3.1728,3.0401
2024-06-04,3.5849,3.5205,3.4826,3.4521,3.3991,3.3675999999999995,3.3533,3.3462,3.3464000000000005,3.3478,3.3499,3.3545,3.3601999999999994,3.3712000000000004,3.3505999999999996,3.2085,3.0681
2024-06-03,3.5898,3.5343,3.5093,3.4854,3.4431999999999996,3.4181,3.4102000000000006,3.4062999999999994,3.4053,3.4053000000000004,3.4088,3.4202999999999997,3.4431,3.4293000000000005,3.4094,3.2720000000000002,3.1364
2024-05-31,3.605,3.5533,3.5261,3.5062,3.4714999999999994,3.4540999999999995,3.4553,3.4564,3.4557,3.4573000000000005,3.4606,3.4644000000000004,3.4704,3.4806,3.4599999999999995,3.3226,3.187
2024-05-30,3.6,3.5476999999999994,3.5264000000000006,3.5009000000000006,3.4579,3.4383,3.4366000000000003,3.4359,3.4353000000000002,3.437,3.4403,3.4433999999999996,3.4476,3.4578,3.4376,3.3000999999999996,3.1644
2024-05-29,3.5898,3.5306999999999995,3.5093000000000005,3.4841,3.4379,3.4109,3.4058,3.4029,3.4009,3.4028000000000005,3.4063000000000003,3.4088,3.4116000000000004,3.4243000000000006,3.4039,3.2642,3.1263
2024-05-28,3.5748,3.5144,3.4897999999999993,3.4536,3.3928,3.3613,3.351,3.3471,3.3456,3.3471000000000006,3.3483,3.3499,3.3544,3.3656,3.3503000000000003,3.2107000000000006,3.073
2024-05-27,3.5598,3.5385,3.516,3.4778,3.414,3.3819,3.3721,3.366,3.3635,3.363,3.3648,3.3681999999999994,3.3726,3.3838,3.3683,3.2286,3.0908
2024-05-24,3.5749,3.5548000000000006,3.5262,3.4879,3.4228,3.3891,3.38,3.3726,3.3725,3.3746000000000005,3.3774,3.3789000000000007,3.3834,3.3959000000000006,3.3810000000000002,3.2413,3.1036
2024-05-23,3.564,3.5423,3.5190000000000006,3.4761,3.4023,3.3624999999999994,3.3486,3.3373,3.335,3.3340000000000005,3.3344,3.3379000000000003,3.3399,3.3532000000000006,3.3374,3.1953999999999994,3.0554
2024-05-22,3.5752,3.5587,3.5396,3.4988,3.4286,3.3840999999999997,3.3625000000000003,3.3515,3.3502000000000005,3.3485999999999994,3.3516,3.3531,3.3567999999999993,3.3633,3.3453000000000004,3.2033,3.0631
2024-05-21,3.6151,3.5886999999999993,3.5631000000000004,3.5161,3.4346999999999994,3.3877,3.3686,3.3584,3.3546,3.3531,3.3548,3.3582,3.3623,3.3712,3.3554,3.2108999999999996,3.0682
2024-05-20,3.6201,3.5962,3.5631,3.5152000000000005,3.4325999999999994,3.3848,3.3652,3.3543,3.3539,3.3538000000000006,3.3575,3.3608000000000002,3.3649000000000004,3.3738,3.3579999999999997,3.2134,3.0709
2024-05-17,3.6151,3.5849000000000006,3.553,3.4978999999999996,3.402,3.346,3.3251,3.3143,3.3128,3.3115000000000006,3.3134,3.317,3.3211,3.3302,3.3138999999999994,3.1647,3.0177
2024-05-16,3.5998,3.5838,3.5494,3.4956,3.4022,3.3507,3.3353,3.3249,3.3245,3.3243,3.3272,3.3331,3.3367,3.3469,3.3293,3.1825,3.0378
2024-05-15,3.6199,3.6113,3.5899,3.5445,3.4689,3.429,3.4181,3.4119,3.4106,3.4102,3.4117,3.4156999999999997,3.4214,3.4301,3.4139,3.2691,3.1268
2024-05-14,3.6199,3.6113,3.5899,3.5444999999999998,3.4699,3.4317,3.4200000000000004,3.4121,3.4103,3.4084000000000003,3.4118000000000004,3.4157,3.4213,3.4292,3.4136,3.2639,3.1165
2024-05-13,3.6201,3.6087999999999996,3.5833,3.5387,3.4643999999999995,3.428,3.4188,3.4134,3.4133,3.4113000000000007,3.4155000000000006,3.4204999999999997,3.4243,3.4332,3.4189,3.2691999999999997,3.1218
2024-05-10,3.6352,3.6063999999999994,3.5733,3.527,3.4509,3.4129,3.3982,3.3920999999999997,3.391,3.3910000000000005,3.3944,3.3983000000000003,3.404,3.413,3.3986,3.2515000000000005,3.1069
2024-05-09,3.6508,3.6134,3.5841,3.5429,3.4739,3.436,3.4191999999999996,3.4139,3.4153,3.4168000000000003,3.4205,3.4249,3.4297000000000004,3.4385,3.4239999999999995,3.2741999999999996,3.1268
2024-05-08,3.6197,3.5837999999999997,3.5572,3.5175,3.451,3.4128,3.3981000000000003,3.3924,3.3925000000000005,3.3928,3.3943000000000003,3.3976000000000006,3.4014,3.4104000000000005,3.3961999999999994,3.2464,3.0994
2024-05-07,3.6101,3.5800000000000005,3.5565,3.5213,3.4591,3.4217999999999997,3.4088000000000003,3.4029,3.4027,3.4032000000000004,3.4047,3.4079,3.4119000000000006,3.4213,3.4043,3.2593999999999994,3.117
2024-05-06,3.6101,3.6026,3.5933999999999995,3.5673,3.5195999999999996,3.4895999999999994,3.4816000000000003,3.4772,3.4780000000000006,3.4786000000000006,3.4802,3.4838,3.4866999999999995,3.4972,3.4808,3.3355999999999995,3.1929
2024-05-03,3.6101,3.6026,3.5934,3.5673,3.5196,3.4894999999999996,3.4816,3.4772,3.478,3.4786000000000006,3.4802000000000004,3.4838,3.4867,3.4972,3.4808,3.3356,3.1929
2024-05-02,3.6109,3.6081999999999996,3.6070000000000007,3.5809,3.532,3.5028999999999995,3.4989,3.4961,3.4967,3.4978000000000002,3.5008,3.5042999999999997,3.5097999999999994,3.5182000000000007,3.5044999999999997,3.3716,3.241
2024-05-01,3.6296,3.6301,3.6410999999999993,3.6094000000000004,3.554,3.5229,3.5204,3.5173,3.5170000000000003,3.5154000000000005,3.517,3.5215,3.5256,3.5362,3.5224,3.3869,3.254
2024-04-30,3.6246,3.6301,3.6411000000000002,3.6095,3.5568,3.5293999999999994,3.5231000000000003,3.5191999999999997,3.5178,3.518,3.5202,3.5251,3.5254,3.5345000000000004,3.5199999999999996,3.3870000000000005,3.2564
2024-04-29,3.6252,3.6265,3.6371,3.6116000000000006,3.5703,3.5553,3.5577,3.5546,3.5562000000000005,3.5577000000000005,3.5606,3.5637,3.5666,3.5755,3.5609999999999995,3.4277,3.2968
2024-04-26,3.6099,3.6074,3.6141,3.5854000000000004,3.551,3.5505999999999998,3.5396000000000005,3.5444,3.5465000000000004,3.5473000000000003,3.5514,3.5578,3.5617,3.5718,3.5559,3.4227,3.292
2024-04-25,3.6194,3.6149,3.6166999999999994,3.6001000000000003,3.5709,3.5589,3.567,3.5727,3.5728000000000004,3.5740000000000003,3.5787000000000004,3.583,3.5895,3.5977,3.5853,3.4717,3.3602
2024-04-24,3.6299,3.6123000000000003,3.6135,3.5852,3.5356,3.5103,3.5101000000000004,3.5111,3.5070000000000006,3.5061,3.5092000000000003,3.5125,3.5159999999999996,3.5286999999999997,3.5169,3.4085000000000005,3.3022
2024-04-23,3.6349,3.6199999999999997,3.6168,3.5832,3.5253,3.495,3.4899000000000004,3.4878,3.4853000000000005,3.4853,3.4883000000000006,3.4918000000000005,3.4978999999999996,3.5111,3.5013999999999994,3.3906,3.2818
2024-04-22,3.6299,3.6200000000000006,3.6269,3.5952,3.5411999999999995,3.5123999999999995,3.5025,3.4993,3.4989000000000003,3.4991,3.5041,3.5080000000000005,3.5134999999999996,3.5268,3.511799999999999,3.4034,3.2971
2024-04-19,3.6199,3.5949999999999998,3.5901,3.5616000000000003,3.5071,3.4689,3.4578,3.4532,3.4495,3.4505,3.4491,3.4501,3.4547,3.4684,3.4559000000000006,3.3477,3.2414
2024-04-18,3.5599,3.5275,3.5232999999999994,3.4949999999999997,3.4427999999999996,3.4132999999999996,3.4133,3.4132,3.4145000000000003,3.4149000000000003,3.4169,3.4232,3.4313999999999996,3.4445,3.4327999999999994,3.3222,3.2137
2024-04-17,3.575,3.5388,3.5333,3.5143000000000004,3.4814,3.4649,3.4663000000000004,3.4714999999999994,3.4729000000000005,3.472,3.4745000000000004,3.4817000000000005,3.4882999999999997,3.5039,3.4969,3.391,3.287
2024-04-16,3.575,3.545,3.5373,3.5247000000000006,3.5008,3.4841,3.4808,3.4829,3.4817,3.4827000000000004,3.4858,3.4901,3.4987,3.5165000000000006,3.5097999999999994,3.4088,3.3096
2024-04-15,3.565,3.53,3.5265999999999997,3.5049000000000006,3.4641,3.4362999999999997,3.4294000000000002,3.4279,3.4214,3.4216000000000006,3.4193,3.4187000000000003,3.4275,3.4509000000000003,3.4542,3.3608,3.2692
2024-04-12,3.545,3.515,3.5032,3.4754,3.4284,3.4037,3.3967,3.3952,3.3913000000000006,3.3892,3.3925000000000005,3.3964,3.4039999999999995,3.4248,3.4236,3.3303999999999996,3.2387
2024-04-11,3.5849,3.57,3.57,3.5415000000000005,3.4914,3.4626,3.4546000000000006,3.4525999999999994,3.4484,3.4453000000000005,3.4472000000000005,3.4528,3.4602,3.4810999999999996,3.4819999999999998,3.3886,3.2968
2024-04-10,3.585,3.5363999999999995,3.5098,3.4712000000000005,3.4036,3.3659,3.3538,3.3468999999999998,3.3429,3.3421,3.3457,3.3497,3.3574,3.3793,3.3854,3.2974,3.2109
2024-04-09,3.585,3.5364,3.5098,3.4686,3.3998,3.3658,3.3536,3.3472,3.3445000000000005,3.3439,3.3463000000000003,3.3522,3.3599,3.3809999999999993,3.3803000000000005,3.2923000000000004,3.2056
2024-04-08,3.5997,3.5300000000000002,3.5031999999999996,3.4578999999999995,3.3831999999999995,3.346,3.3296,3.3215,3.3189000000000006,3.3198000000000003,3.326,3.3319,3.3394,3.3594000000000004,3.3601000000000005,3.2721,3.1856
2024-04-05,3.59,3.5162,3.4764000000000004,3.4203000000000006,3.328,3.2845,3.2696,3.2623,3.2602,3.2611000000000003,3.2665000000000006,3.2739000000000003,3.2800000000000002,3.3016,3.3036,3.2159000000000004,3.1296
2024-04-04,3.5755,3.5077000000000003,3.4765000000000006,3.4217000000000004,3.3314,3.2899999999999996,3.2777,3.2711999999999994,3.2714,3.2745,3.2785,3.2881,3.2961,3.3127,3.3082999999999996,3.2256999999999993,3.1444
2024-04-03,3.5801,3.5116,3.4768999999999997,3.4218999999999995,3.3295,3.2845,3.2723,3.2654999999999994,3.2639,3.2654000000000005,3.2729,3.281,3.2886999999999995,3.3073000000000006,3.3012,3.2285,3.1569
2024-04-02,3.5754,3.51,3.4762,3.4165000000000005,3.319,3.2738999999999994,3.2575,3.2476999999999996,3.2418,3.241,3.2459,3.2531,3.2622,3.2777000000000003,3.2698,3.1872999999999996,3.1062
2024-04-01,3.5701,3.5062,3.4628000000000005,3.3962,3.2857,3.2331999999999996,3.2169,3.2075,3.2061,3.204,3.2069,3.2116,3.2164,3.2342,3.2265,3.1442,3.0633
2024-03-29,3.5951,3.5277000000000003,3.4809000000000005,3.4202,3.3164999999999996,3.2621,3.2453999999999996,3.2354999999999996,3.2335000000000003,3.2321000000000004,3.2350000000000003,3.2403,3.2466,3.2627000000000006,3.2516999999999996,3.1693999999999996,3.0884
2024-03-28,3.5955,3.5277,3.4741999999999997,3.4084999999999996,3.2987,3.2432,3.2276000000000002,3.219,3.2153000000000005,3.2147,3.2194,3.2245,3.2308999999999997,3.2454,3.2387999999999995,3.1540999999999997,3.0708
2024-03-27,3.6052,3.5323,3.473,3.4048000000000003,3.293,3.2355,3.2199,3.2121000000000004,3.2103,3.2097,3.2148,3.220600000000001,3.2264,3.2432,3.234,3.1517,3.0707
2024-03-26,3.6199,3.5419,3.4802999999999997,3.4154000000000004,3.3061,3.2518,3.2388000000000003,3.2327,3.2337,3.2398,3.2429,3.2494,3.2569,3.2732,3.2642999999999995,3.1794,3.096
2024-03-25,3.6199,3.5368999999999997,3.4721999999999995,3.4028,3.2885,3.2352999999999996,3.2224,3.2115,3.2127,3.2159,3.2196,3.2266,3.2334,3.2499,3.2411,3.1564,3.073
2024-03-22,3.6148,3.5295,3.5291999999999994,3.4333,3.2854,3.2318999999999996,3.2187,3.2110999999999996,3.2109,3.2134,3.2164,3.2226,3.2306999999999997,3.2464,3.2383999999999995,3.1538,3.0705
2024-03-21,3.6127,3.5311,3.4719,3.4044999999999996,3.2966,3.2518999999999996,3.2437000000000005,3.2405,3.2420000000000004,3.2451,3.2506,3.2578,3.2645,3.2821000000000002,3.2739,3.1892,3.1059
2024-03-20,3.6251,3.5612000000000004,3.5234,3.4602000000000004,3.3605,3.3135,3.2966000000000006,3.2875,3.2845000000000004,3.2847,3.2883000000000004,3.2914,3.2976999999999994,3.3125000000000004,3.3024,3.2174,3.1339
2024-03-19,3.635,3.5759,3.5493999999999994,3.4925000000000006,3.3944,3.3423,3.3294,3.3214999999999995,3.3184,3.3203,3.3221,3.3253,3.3313,3.3462,3.3358000000000003,3.2532,3.1718
2024-03-18,3.6249,3.5683,3.5259,3.4639,3.3604,3.307,3.2886,3.2774,3.2695,3.2716000000000003,3.2758,3.2796,3.2851,3.3011,3.2896999999999994,3.2048000000000005,3.1213
2024-03-15,3.625,3.5571000000000006,3.5032000000000005,3.436,3.3248,3.27,3.2532,3.2417999999999996,3.2382000000000004,3.2431000000000005,3.2481000000000004,3.2546,3.262,3.278,3.2666,3.1819,3.0985
2024-03-14,3.6149,3.54,3.4747000000000003,3.4004,3.2788999999999997,3.2212,3.201,3.1885,3.1856,3.1901000000000006,3.1928,3.1761,3.1404,3.2238,3.2101999999999995,3.1232,3.0376
2024-03-13,3.5962,3.526,3.4587999999999997,3.3818,3.2588000000000004,3.1995,3.1797,3.1685,3.1673,3.1692000000000005,3.1723,3.1776,3.1841999999999997,3.1981000000000006,3.1847,3.0978,3.0124
2024-03-12,3.6148,3.5356,3.4762,3.3994000000000004,3.2737,3.2140999999999997,3.1916,3.1777,3.1746,3.1765999999999996,3.1786999999999996,3.1803,3.1840999999999995,3.1993000000000005,3.1843,3.0924,3.0021
2024-03-11,3.6299,3.5494,3.4889000000000006,3.4069000000000003,3.2744,3.2148,3.1979,3.1881999999999997,3.1863,3.1892000000000005,3.1913000000000005,3.1936,3.199,3.2128,3.1968,3.105,3.0147
2024-03-08,3.6197,3.5555,3.5189,3.4229000000000003,3.2501,3.1443999999999996,3.1394,3.1773,3.1561,3.1269,3.1784,3.1815,3.1858,3.1996999999999995,3.1836,3.0920000000000005,3.0019
2024-03-07,3.6483,3.5881,3.5418,3.4587999999999997,3.3266,3.2700999999999993,3.2516,3.2405,3.2397000000000005,3.2411000000000003,3.2454000000000005,3.2490000000000006,3.2559,3.2737,3.2571,3.1601999999999997,3.065
2024-03-06,3.6303,3.5671999999999997,3.5161999999999995,3.4349000000000003,3.3078999999999996,3.2510999999999997,3.2325,3.2248,3.2233,3.2252,3.2273999999999994,3.2308,3.2384,3.2583,3.2398999999999996,3.1479,3.0575
2024-03-05,3.641,3.5792000000000006,3.5308,3.4586000000000006,3.3446999999999996,3.2933,3.2784,3.2728,3.272,3.2718000000000003,3.2736,3.2764,3.2851,3.3069,3.2879,3.1909,3.0955
2024-03-04,3.67,3.5932000000000004,3.5357,3.4668,3.3552999999999997,3.3061,3.2948,3.2891,3.2894,3.2901,3.2927,3.2968,3.3030999999999997,3.3249,3.3062,3.214,3.1235
2024-03-01,3.675,3.6109,3.5558999999999994,3.4911,3.3829,3.3315,3.3242,3.3218,3.3259,3.3254,3.3264,3.3319,3.3387999999999995,3.3605,3.3415,3.2493000000000003,3.1587
2024-02-29,3.6749,3.6108,3.5558,3.4911000000000003,3.3828999999999994,3.3314999999999997,3.3242999999999996,3.3219,3.326,3.3255000000000003,3.3257000000000003,3.3298000000000005,3.3388999999999998,3.3606,3.3414,3.2467,3.1537
2024-02-28,3.6697,3.6018,3.5430000000000006,3.4710000000000005,3.3543,3.3042999999999996,3.2934,3.2887,3.2907,3.2920000000000003,3.2953,3.3028000000000004,3.3127,3.3335,3.3131,3.216,3.1207
2024-02-27,3.6851,3.6178,3.5469,3.4788,3.364,3.3108,3.2924,3.2841,3.2866000000000004,3.2871000000000006,3.2906000000000004,3.2982000000000005,3.3076999999999996,3.3286,3.3084,3.2138,3.1209
2024-02-26,3.6949,3.6102999999999996,3.5503,3.4722,3.3446,3.2926999999999995,3.2765,3.2674,3.268,3.2689000000000004,3.2716,3.2765000000000004,3.2847999999999997,3.3072,3.2882,3.1936,3.1006
2024-02-23,3.6886,3.6165,3.5588,3.4927,3.3843,3.3393999999999995,3.3257,3.3215,3.3271000000000006,3.3325,3.3395,3.3471,3.3565999999999994,3.3783,3.3598000000000003,3.2697000000000003,3.1813
2024-02-22,3.7199,3.6255,3.5604,3.4811,3.3507999999999996,3.3,3.2826,3.2762,3.2809,3.2878000000000003,3.2928,3.2993,3.3077999999999994,3.3298,3.3113999999999995,3.2216000000000005,3.1334
2024-02-21,3.7348,3.6924999999999994,3.6203,3.5430000000000006,3.4105999999999996,3.3524,3.3351,3.3255,3.3265,3.3293,3.3335000000000004,3.338,3.3464999999999994,3.3691,3.3494,3.2569999999999997,3.1663
2024-02-20,3.7198,3.6825,3.6101,3.5366,3.4149,3.3623,3.3486,3.3422,3.3388000000000004,3.3452000000000006,3.3486,3.3511,3.3596000000000004,3.3821000000000003,3.3624000000000005,3.2725,3.1842
2024-02-19,3.69,3.6600999999999995,3.5901999999999994,3.5177,3.3976,3.3453,3.3285,3.3192,3.3165,3.3185,3.3205,3.3246,3.3311999999999995,3.353,3.3344,3.242,3.1513
2024-02-16,3.6846,3.6564999999999994,3.5922,3.5241,3.4094999999999995,3.3565999999999994,3.3395,3.3314999999999997,3.3314,3.3318,3.3331,3.336,3.3476,3.3744000000000005,3.3633999999999995,3.2830999999999997,3.2043
2024-02-15,3.6899,3.6577,3.5869,3.5190000000000006,3.4044,3.3564999999999996,3.3443,3.3329,3.3293,3.3300000000000005,3.3341,3.3385,3.3472,3.3717,3.3583,3.2781,3.1993
2024-02-14,3.655,3.6363999999999996,3.5867,3.5218,3.4134999999999995,3.3680999999999996,3.3536,3.3457999999999997,3.3421,3.3422,3.3445000000000005,3.3484,3.3556,3.3844,3.3709999999999996,3.2906999999999997,3.2119
2024-02-13,3.6601,3.6251999999999995,3.5655,3.4871000000000003,3.3563999999999994,3.2990999999999997,3.2847,3.2765,3.2772,3.2846,3.2911,3.297,3.3073,3.3365,3.3256,3.2479999999999998,3.1718
2024-02-12,3.6601,3.6102,3.5369,3.4505,3.3064,3.243,3.2252,3.2166,3.2197000000000005,3.2294,3.2414,3.2474000000000007,3.2607,3.288,3.2795999999999994,3.1997,3.1211
2024-02-09,3.6601,3.6102,3.5403,3.4524,3.3063999999999996,3.2431,3.2252,3.2173,3.2215,3.2294,3.2415,3.2475,3.2606999999999995,3.288,3.2795999999999994,3.1996999999999995,3.1211
2024-02-08,3.6601,3.5953,3.5369000000000006,3.4505,3.3073999999999995,3.2475,3.234,3.2264,3.2275,3.2352000000000003,3.2422,3.2501,3.2632999999999996,3.2901,3.2772999999999994,3.1997999999999998,3.1237
2024-02-07,3.6452,3.5953,3.5272,3.4392,3.2898,3.2275999999999994,3.2112,3.2007999999999996,3.2026,3.2066000000000003,3.2144999999999997,3.2244,3.2375,3.2645,3.2519999999999993,3.1796,3.1084
2024-02-06,3.665,3.6065000000000005,3.5355999999999996,3.4427,3.2882999999999996,3.2223,3.2058000000000004,3.1948,3.1955,3.2014,3.2092000000000005,3.2193,3.2324,3.2594,3.2469,3.1745999999999994,3.1034
2024-02-05,3.6691,3.6196,3.5219,3.4429,3.3067999999999995,3.2385999999999995,3.2162000000000006,3.2051,3.205,3.2084000000000006,3.2138999999999998,3.2218000000000004,3.2322000000000006,3.2584,3.2468,3.1745,3.1033
2024-02-02,3.6471,3.5833,3.5093,3.4029,3.2255999999999996,3.1477,3.1206,3.1059,3.1035000000000004,3.1060000000000003,3.1099,3.1177,3.1288999999999993,3.1536000000000004,3.1372,3.0678,2.9994
2024-02-01,3.6601,3.6018,3.5138,3.4154,3.2491999999999996,3.1797,3.161,3.1476999999999995,3.1506,3.1562000000000006,3.1625000000000005,3.1712,3.182,3.2181,3.2136,3.1415,3.0703
2024-01-31,3.6637,3.5931000000000006,3.5032999999999994,3.4031000000000002,3.2401000000000004,3.1819,3.1648,3.156,3.1601,3.1645,3.1726,3.1826,3.1966999999999994,3.2299,3.2312999999999996,3.1591,3.088
2024-01-30,3.6601,3.5866,3.4937,3.3969,3.2435999999999994,3.1903999999999995,3.1740999999999997,3.1668,3.1715,3.1777,3.1861000000000006,3.1975,3.2122,3.247,3.2543999999999995,3.182,3.1106
2024-01-29,3.6686,3.5997999999999997,3.5165,3.4234,3.2780999999999993,3.2347999999999995,3.2292,3.2277,3.2354,3.2464,3.2592,3.2747000000000006,3.2941000000000003,3.327,3.3359,3.2631000000000006,3.1915
2024-01-26,3.6449,3.5635,3.47,3.3741000000000003,3.2232999999999996,3.1805999999999996,3.1753,3.1741,3.1851000000000003,3.1959,3.2120999999999995,3.2246,3.241,3.2795,3.2901,3.2174999999999994,3.1459
2024-01-25,3.6599,3.5902,3.5098999999999996,3.4192,3.2804999999999995,3.2359999999999998,3.2259,3.2252,3.2384,3.2443000000000004,3.2515000000000005,3.2651,3.2789,3.3133,3.3286,3.2608,3.1941
2024-01-24,3.6549,3.5785,3.4866000000000006,3.4018,3.2644,3.2167999999999997,3.2061999999999995,3.2012999999999994,3.2098999999999998,3.2222,3.232,3.2418,3.2549999999999994,3.2843,3.2928000000000006,3.2252,3.1586
2024-01-23,3.67,3.571,3.4795999999999996,3.3881,3.2463999999999995,3.2006999999999994,3.1904,3.1848,3.1899,3.1989,3.2077000000000004,3.2144000000000004,3.2251,3.2441,3.2488999999999995,3.1715,3.0954
2024-01-22,3.6047,3.5297,3.4396,3.3602000000000003,3.2338,3.1888,3.1848,3.1838999999999995,3.1862,3.1936999999999998,3.2026,3.2096000000000005,3.2201,3.2394,3.2437999999999994,3.1665000000000005,3.0903
2024-01-19,3.6549,3.5485,3.4697,3.3896,3.2665,3.2302999999999997,3.2281,3.2304,3.2372000000000005,3.2449,3.2528,3.2628,3.2738999999999994,3.2927000000000004,3.2975,3.2197000000000005,3.1433
2024-01-18,3.6348,3.5328000000000004,3.4498,3.3672,3.2396999999999996,3.1963,3.1844,3.1787,3.1833,3.1927,3.2002,3.2088,3.2195999999999994,3.2385,3.2459,3.1662,3.0878
2024-01-17,3.6347,3.5334,3.4533,3.3725,3.241,3.1936999999999998,3.1789000000000005,3.1681999999999997,3.1688,3.1762000000000006,3.1843,3.1935,3.2035,3.2219,3.2275999999999994,3.1480999999999995,3.0698
2024-01-16,3.6397,3.5284,3.4362,3.3462000000000005,3.2039,3.1489,3.1262000000000003,3.1131,3.1165000000000003,3.1266,3.1337000000000006,3.1396,3.1494999999999997,3.1699,3.179,3.0997,3.0218
2024-01-15,3.6447,3.5259,3.4261999999999997,3.3266,3.1698999999999997,3.1128999999999993,3.0944,3.0865999999999993,3.0924,3.1024,3.1106,3.1197,3.1307999999999994,3.1500000000000004,3.1557,3.0791,3.0038
2024-01-12,3.6495,3.5333000000000006,3.4294000000000002,3.3301000000000003,3.1742999999999997,3.119,3.1046,3.0996999999999995,3.1033,3.114,3.1218,3.1308,3.1421999999999994,3.1581,3.1653000000000002,3.0862000000000003,3.0082
2024-01-11,3.6797,3.548,3.4498,3.3615,3.2179999999999995,3.1528999999999994,3.1298,3.1225,3.1241,3.1306000000000003,3.1344000000000003,3.1411000000000002,3.1500999999999997,3.1690999999999994,3.1751999999999994,3.0962,3.0184
2024-01-10,3.6896,3.5834,3.5034,3.4182,3.2710999999999997,3.2023999999999995,3.1823,3.1733999999999996,3.1708,3.1742,3.1773,3.183,3.1913,3.2102000000000004,3.2158,3.1367,3.0586
2024-01-09,3.6761,3.5721000000000003,3.488,3.4049,3.257,3.1821,3.1619,3.1511,3.1459000000000006,3.1443,3.1452999999999998,3.1491,3.1549999999999994,3.1760999999999995,3.1833,3.1192,3.056
2024-01-08,3.6293,3.5775,3.5194999999999994,3.4394,3.3009,3.2272,3.2034,3.1892000000000005,3.18,3.1746000000000003,3.1745,3.1808,3.1896999999999998,3.2046,3.2112000000000003,3.1469999999999994,3.0838
2024-01-05,3.6293,3.5770999999999997,3.5228,3.4487000000000005,3.314,3.2316999999999996,3.2052999999999994,3.1914000000000002,3.189,3.1884,3.1899,3.1952,3.2033000000000005,3.2221,3.2292,3.1648999999999994,3.1014
2024-01-04,3.5992,3.5467,3.4864,3.3958,3.2391000000000005,3.1549,3.1317999999999997,3.119,3.1088,3.1095,3.1095000000000006,3.1151,3.1235,3.1435,3.1504,3.0914,3.0332
2024-01-03,3.6242,3.5933,3.5265999999999997,3.4425999999999997,3.2877,3.1992999999999996,3.1722,3.1571,3.1508999999999996,3.1508,3.1505999999999994,3.1568000000000005,3.1669,3.1859,3.1949,3.1554999999999995,3.1166
2024-01-02,3.6543,3.6162,3.5261,3.4177000000000004,3.231,3.1377,3.1176,3.1003,3.0981,3.1023000000000005,3.1048,3.1142,3.1283,3.1462999999999997,3.1567999999999996,3.1176,3.0789
2024-01-01,3.5791,3.5181,3.4359000000000006,3.3116000000000003,3.1014,3.0007,2.9729000000000005,2.9515,2.9414,2.9435000000000002,2.9359,2.9568,2.9712,3.0013,3.0053,2.9494,2.8943
2023-12-29,3.5791,3.5181,3.4359000000000006,3.3116000000000003,3.1014,3.0007,2.9729000000000005,2.9515,2.9414,2.9435000000000002,2.9359,2.9568,2.9712,3.0013,3.0053,2.9494,2.8943
2023-12-28,3.579,3.5155,3.4296,3.3069,3.1006,3.0018999999999996,2.9726,2.9419,2.9411,2.9483,2.9500000000000006,2.9593,2.9693,2.9895,2.9993,2.9681,2.9373
2023-12-27,3.5903,3.5459000000000005,3.4766,3.3688000000000002,3.1796,3.092,3.0724000000000005,3.0475999999999996,3.0391,3.0418,3.0424000000000007,3.048,3.0564999999999998,3.0754,3.0797,3.0334,2.9877
2023-12-26,3.6104,3.5712000000000006,3.4960999999999993,3.3856,3.2014999999999993,3.1184,3.0956,3.0687,3.0594,3.0606,3.0628,3.0694,3.0798999999999994,3.1002,3.098,3.0590999999999995,3.0206
2023-12-25,3.6155,3.5825,3.5028,3.3940000000000006,3.2157,3.1378999999999997,3.1120000000000005,3.0927999999999995,3.0841,3.0839000000000003,3.0873,3.0961999999999996,3.1033,3.1248,3.1196999999999995,3.1004,3.0814
2023-12-22,3.6154,3.5824999999999996,3.5027999999999992,3.3939999999999997,3.2157,3.1377999999999995,3.1119000000000003,3.0928000000000004,3.0840000000000005,3.0838000000000005,3.0873000000000004,3.0960999999999994,3.1032999999999995,3.1246999999999994,3.1196999999999995,3.1004,3.0813
2023-12-21,3.6276,3.5718,3.5065,3.3951000000000002,3.2141999999999995,3.1355999999999997,3.1118,3.0928,3.0841,3.0838,3.0872000000000006,3.0961,3.1033,3.1252,3.1196999999999995,3.1003,3.0813
2023-12-20,3.6303,3.5758000000000005,3.5133,3.4084,3.2269999999999994,3.1431,3.1174,3.1001,3.0943,3.0891,3.0925,3.1034,3.1155999999999997,3.1324,3.1222999999999996,3.1028999999999995,3.0838
2023-12-19,3.6602,3.6237000000000004,3.5628,3.4555000000000002,3.2801,3.2034,3.1760000000000006,3.1512999999999995,3.1439,3.1413,3.1381999999999994,3.1484,3.163,3.1732,3.1607,3.1092,3.0583
2023-12-18,3.6952,3.6462,3.5762,3.462,3.2799999999999994,3.2062,3.1749,3.1601999999999997,3.1547,3.1555000000000004,3.1607,3.1664,3.1787,3.2028,3.1784,3.1218,3.066
2023-12-15,3.7302,3.6728000000000005,3.5962,3.4794000000000005,3.2964000000000007,3.2284999999999995,3.198,3.182,3.1796000000000006,3.1825999999999994,3.1867,3.1991,3.2087999999999997,3.2283,3.2036,3.1418999999999997,3.0811
2023-12-14,3.7312,3.6548999999999996,3.5663999999999993,3.4509,3.2707,3.2018,3.173,3.1560999999999995,3.1542000000000003,3.1539,3.1562,3.164,3.1753,3.1961000000000004,3.1729000000000003,3.1114,3.0507
2023-12-13,3.8001,3.7768,3.7399999999999998,3.6556,3.5061,3.4269,3.3959,3.3752,3.3669,3.3603000000000005,3.3614,3.3727000000000005,3.3829999999999996,3.4014000000000006,3.3714,3.3091000000000004,3.2477
2023-12-12,3.785,3.7612,3.7164,3.6312,3.4855999999999994,3.4089999999999994,3.3802,3.3595,3.3525000000000005,3.3508,3.3532,3.3619000000000003,3.3703,3.39,3.366199999999999,3.3015,3.2378
2023-12-11,3.8001,3.7724999999999995,3.7364,3.6538,3.5117999999999996,3.4356999999999998,3.4042000000000003,3.384,3.3794,3.3794,3.3821,3.3921,3.4015,3.4226000000000005,3.3968,3.332,3.2682
2023-12-08,3.7651,3.7311999999999994,3.6797,3.5893000000000006,3.439,3.3669999999999995,3.3382999999999994,3.327,3.3254,3.3283000000000005,3.334,3.3478000000000003,3.3604,3.3808,3.3562,3.2915,3.2277
2023-12-07,3.7609,3.7277000000000005,3.6864999999999997,3.6058999999999997,3.4713999999999996,3.4027,3.376,3.3662,3.3643,3.3665,3.3704,3.3838,3.3962,3.4173,3.3919000000000006,3.3295,3.268
2023-12-06,3.7202,3.6979999999999995,3.6533,3.5664000000000002,3.4215,3.3594,3.3344,3.3277,3.3265,3.3257,3.3316,3.345,3.3556000000000004,3.3788,3.3512,3.289,3.2277
2023-12-05,3.7506,3.7087,3.663,3.5811,3.4496,3.3952999999999998,3.3785000000000003,3.3747,3.3734000000000006,3.3771,3.3857,3.393,3.4073999999999995,3.4326,3.4046999999999996,3.3423,3.2809
2023-12-04,3.7551,3.7275000000000005,3.6897,3.6295000000000006,3.5272,3.4750999999999994,3.4569,3.4465,3.4395,3.4392,3.4428,3.4554,3.4637999999999995,3.4872,3.4582,3.3956,3.334
2023-12-01,3.7701,3.7687,3.7565,3.6983000000000006,3.5966999999999993,3.5416999999999996,3.526,3.5161,3.5120000000000005,3.5125000000000006,3.5171,3.5292,3.5399,3.5582,3.532,3.4665,3.4021
2023-11-30,3.7738,3.7712999999999997,3.7575,3.7024000000000004,3.6039,3.5464999999999995,3.5271,3.5204,3.5156,3.5175,3.5221,3.5332,3.5428,3.5629000000000004,3.5339,3.4636,3.3945
2023-11-29,3.7651,3.7535999999999996,3.733,3.6696,3.5635999999999997,3.5095999999999994,3.4873,3.4728,3.4656000000000002,3.4653,3.4682000000000004,3.4789,3.4885,3.507,3.4804,3.4052999999999995,3.3314
2023-11-28,3.83,3.8247999999999998,3.8131999999999993,3.7603999999999997,3.6679,3.6124999999999994,3.5851,3.5621,3.5557,3.5563000000000002,3.5532000000000004,3.565,3.5754,3.5914,3.5639999999999996,3.4837,3.4047
2023-11-27,3.8552,3.8513,3.8533999999999997,3.8003,3.7075,3.6523,3.6294000000000004,3.6095,3.6013000000000006,3.5993000000000004,3.5997,3.6113,3.6217999999999995,3.6375000000000006,3.6099000000000006,3.5294,3.4503
2023-11-24,3.8451,3.8476000000000004,3.84,3.792,3.7042,3.6483,3.6302000000000003,3.6138,3.6111000000000004,3.6145,3.6212000000000004,3.6353,3.6473999999999998,3.6628,3.6329,3.5522,3.4731
2023-11-23,3.7889,3.7942000000000005,3.7987999999999995,3.7485,3.6579999999999995,3.6017,3.5773,3.5565,3.5495,3.5505,3.5540000000000003,3.5671,3.5757999999999996,3.5936,3.5635999999999997,3.4834,3.4048
2023-11-22,3.8351,3.8376,3.8199999999999994,3.7708,3.6807,3.6222,3.5973,3.5773,3.5745,3.5778000000000003,3.5831,3.5972,3.6073,3.626,3.5947000000000005,3.5143,3.4355
2023-11-21,3.8249,3.8149000000000006,3.7998,3.7382,3.6355,3.5796,3.5558000000000005,3.5310999999999995,3.5242,3.5252000000000003,3.5275000000000003,3.5367,3.5432,3.5635,3.5359,3.4533,3.3722
2023-11-20,3.8503,3.8376,3.8199,3.7621999999999995,3.6614,3.6032,3.5778000000000003,3.557,3.5547,3.5537000000000005,3.5559,3.5662999999999996,3.5756999999999994,3.5913,3.5613,3.4760000000000004,3.3925
2023-11-17,3.8655,3.8412999999999995,3.8334,3.7814,3.6884999999999994,3.6302,3.6069,3.5919999999999996,3.5920000000000005,3.5934000000000004,3.5982,3.6131,3.6267999999999994,3.64,3.6096,3.5214999999999996,3.4354
2023-11-16,3.8869,3.8753999999999995,3.8562,3.7984,3.6973,3.6370999999999998,3.6116,3.5965,3.5944000000000003,3.5939,3.5991000000000004,3.6087,3.6196999999999995,3.6364000000000005,3.6065999999999994,3.5188,3.4328
2023-11-15,3.8858,3.8942,3.8836,3.8327,3.7389,3.6784,3.6498,3.6282,3.6246,3.6199,3.6164000000000005,3.6220000000000003,3.6304999999999996,3.6502,3.6184,3.5107,3.4052
2023-11-14,3.9461,3.9658,3.9707999999999997,3.9332000000000003,3.8627,3.8123999999999993,3.7916,3.7787,3.7814,3.7758000000000003,3.7739000000000003,3.7856,3.7944,3.8091,3.7766,3.6682,3.5624
2023-11-13,3.967,3.9811,3.9875999999999996,3.9511,3.8827999999999996,3.8393999999999995,3.823,3.8055,3.8038000000000003,3.8025000000000007,3.8026,3.814,3.8229,3.8383,3.8045999999999998,3.6936,3.5854
2023-11-10,3.9315,3.9661,3.9707999999999997,3.9240999999999997,3.8430999999999997,3.7976999999999994,3.7795,3.7599,3.7568,3.7557000000000005,3.7549,3.7635,3.7712000000000003,3.7858000000000005,3.7503999999999995,3.6321,3.5167
2023-11-09,3.9665,3.9565,3.9572999999999996,3.9045,3.8172999999999995,3.7747999999999995,3.7542,3.7342,3.7324,3.7296,3.7278000000000002,3.7333,3.7408,3.7575000000000003,3.7217,3.6013,3.484
2023-11-08,3.9441,3.9621,3.9648,3.9258000000000006,3.8607999999999993,3.8292,3.8170000000000006,3.8071,3.8091000000000004,3.8083,3.8093,3.8193,3.828,3.8427,3.8108,3.6875999999999998,3.5676
2023-11-07,3.9315,3.9623,3.9742,3.9381,3.8771,3.8455,3.8394,3.8308,3.8327000000000004,3.8319,3.8344000000000005,3.8481,3.8571,3.8765,3.8401,3.7265,3.6159
2023-11-06,3.9265,3.9623,3.9641,3.9291,3.8702,3.8427999999999995,3.8375,3.8308,3.8326,3.8341,3.8407,3.8502,3.8596999999999997,3.8789999999999996,3.8437,3.7449000000000003,3.6487
2023-11-03,3.9714,4.0114,4.0178,3.992000000000001,3.9486999999999997,3.9281,3.9222000000000006,3.9112999999999998,3.9078000000000004,3.9029000000000003,3.9048,3.9139000000000004,3.9257,3.9398,3.9075999999999995,3.8084,3.7118
2023-11-02,3.9952,4.0318,4.038999999999999,4.018,3.982,3.9645,3.9621,3.956,3.9539000000000004,3.9557000000000007,3.9607,3.9725,3.983,3.999,3.9665,3.8748000000000005,3.7854
2023-11-01,4.0178,4.0756,4.097799999999999,4.0849,4.0637,4.0565999999999995,4.0612,4.0648,4.0689,4.0682,4.0745,4.0866,4.0989,4.115700000000001,4.0817,3.9892999999999996,3.8995
2023-10-31,4.0623,4.0996999999999995,4.1151,4.1065,4.0913,4.0863,4.0938,4.097299999999999,4.104800000000001,4.1073,4.108,4.1256,4.1377,4.153900000000001,4.1204,4.0303,3.9428
2023-10-30,4.0586,4.0883,4.1117,4.0997,4.082,4.0801,4.0859,4.0887,4.0936,4.0951,4.0964,4.1111,4.1247,4.1406,4.1122,4.0175,3.9251
2023-10-27,4.0219,4.0808,4.1017,4.0915,4.0735,4.0656,4.069,4.0681,4.0678,4.070600000000001,4.0745,4.082800000000001,4.0908,4.1051,4.0785,3.9765,3.877
2023-10-26,4.065,4.1017,4.1237,4.1182,4.1122,4.1188,4.1308,4.1359,4.1392,4.1444,4.1518,4.1658,4.1748,4.1948,4.1658,4.0683,3.9733
2023-10-25,4.032,4.0657,4.0811,4.0724,4.0536,4.0386,4.0354,4.0317,4.0327,4.0355,4.043,4.0519,4.061599999999999,4.086099999999999,4.0612,3.9664999999999995,3.8743
2023-10-24,4.0017,4.0279,4.034599999999999,4.0209,4.0009,3.9941999999999998,3.994,3.9986,3.996,3.9999,4.0093,4.018999999999999,4.030499999999999,4.054799999999999,4.038099999999999,3.9436,3.8515
2023-10-23,4.037,4.0731,4.0916,4.0874,4.0786,4.0772,4.0901,4.0964,4.1,4.104800000000001,4.1179,4.130599999999999,4.137299999999999,4.1675,4.1479,4.0504,3.9553
2023-10-20,4.0119,4.0354,4.0614,4.0503,4.0334,4.032899999999999,4.0431,4.0462,4.051699999999999,4.0583,4.065200000000001,4.079100000000001,4.0923,4.116099999999999,4.096699999999999,3.9994,3.9046
2023-10-19,4.0548,4.0789,4.0968,4.0942,4.0855,4.077899999999999,4.0853,4.0917,4.0987,4.108799999999999,4.118,4.132900000000001,4.1435,4.1646,4.1505,4.0582,3.9678
2023-10-18,4.032,4.0468,4.0644,4.058,4.0433,4.031199999999999,4.0324,4.035099999999999,4.0394,4.0465,4.0563,4.0666,4.0764,4.0984,4.0818,3.9894,3.8992
2023-10-17,4.0119,4.020299999999999,4.0313,4.0181,3.9956,3.9832999999999994,3.9801,3.9805,3.9878,3.995,4.0,4.0128,4.0247,4.0455,4.0274,3.9229,3.8207
2023-10-16,4.0119,4.009,4.0145,3.9987000000000004,3.972,3.9587999999999997,3.9553000000000003,3.9534,3.9575000000000005,3.9634000000000005,3.9731000000000005,3.9814,3.9885,4.0081,3.9861,3.8743,3.7651
2023-10-13,3.9715,3.975,3.9843000000000006,3.9676,3.9406,3.9279999999999995,3.9241,3.9248,3.9304,3.9366000000000003,3.9438,3.9511000000000003,3.9604999999999997,3.983,3.9654999999999996,3.8512,3.7395
2023-10-12,3.9578,3.9571,3.9581,3.9341,3.8963999999999994,3.8818,3.8772,3.874,3.8776000000000006,3.8813,3.886,3.8897000000000004,3.896,3.9161000000000006,3.8947000000000003,3.7614,3.6308
2023-10-11,3.9714,3.9636,3.9606,3.9443,3.9179999999999997,3.9071,3.9046000000000003,3.9033,3.9078,3.9132,3.9198,3.9253,3.9344999999999994,3.9544,3.9333999999999993,3.7997,3.6689
2023-10-10,4.0068,4.0014,4.001,3.9972,3.9896,3.9849999999999994,3.9855,3.9854,3.9914,3.9984000000000006,4.0037,4.012700000000001,4.0253,4.0496,4.0301,3.8911,3.7551
2023-10-09,4.0208,4.0241,4.0111,4.0079,4.0009,3.9966999999999997,3.9996,4.0024,4.0091,4.0121,4.019700000000001,4.0313,4.0455,4.0533,4.0379,3.8987,3.7627
2023-10-06,4.0208,4.024099999999999,4.0111,4.0079,4.0009,3.9966999999999997,3.9996,4.0024,4.0091,4.0121,4.0198,4.0313,4.0455,4.053300000000001,4.0379,3.8987,3.7627
2023-10-05,4.0954,4.100299999999999,4.1,4.097800000000001,4.0907,4.086099999999999,4.092,4.091899999999999,4.1016,4.1142,4.124,4.136,4.1459,4.1525,4.1344,3.9950999999999994,3.8589
2023-10-04,4.1934,4.2217,4.2148,4.2016,4.1738,4.1571,4.1689,4.1685,4.167600000000001,4.1996,4.2152,4.2231,4.233,4.239600000000001,4.2242,4.0893,3.9577
2023-10-03,3.9815,3.9812,3.9573999999999994,3.9238000000000004,3.8654,3.8269,3.8109000000000006,3.8027,3.8009,3.8021000000000003,3.8062000000000005,3.814,3.8211999999999997,3.8292,3.8129,3.6748,3.5397
2023-10-02,3.9815,3.9812,3.9607999999999994,3.9244,3.8633999999999995,3.8269,3.8101000000000003,3.8008,3.8009000000000004,3.8021,3.8062,3.814,3.8212,3.8292,3.8132,3.6800999999999995,3.5497
2023-09-29,3.9815,3.9812,3.9607999999999994,3.9244000000000003,3.8633999999999995,3.8268999999999997,3.8101,3.8008,3.8009000000000004,3.8021,3.8062,3.814,3.8212,3.8292,3.8132,3.6800999999999995,3.5499
2023-09-28,3.9814,3.9812,3.9608,3.9244,3.8635,3.8269,3.8101000000000003,3.8008,3.8009,3.8021,3.8062,3.814,3.8212,3.8292,3.8132,3.68,3.5498
2023-09-27,3.9815,3.9774,3.9574,3.9226,3.8624999999999994,3.8249999999999997,3.8101000000000003,3.801,3.8012,3.8021,3.8055000000000003,3.8121,3.8208,3.8269,3.8130000000000006,3.6774,3.5448
2023-09-26,3.9806,3.9841,3.9636,3.9354000000000005,3.8827,3.8476,3.8349000000000006,3.8274,3.8288000000000006,3.8333000000000004,3.8373,3.845,3.8521,3.8602,3.8464999999999994,3.7131000000000003,3.5828
2023-09-25,3.9655,3.9653000000000005,3.9402000000000004,3.9134,3.8621,3.8258,3.8128,3.8021,3.7972000000000006,3.7929,3.7926,3.7979,3.8028,3.8092,3.7976,3.6594999999999995,3.5247
2023-09-22,3.9621,3.9583,3.9402,3.9071000000000002,3.8468999999999998,3.8095,3.7975000000000003,3.7867,3.7769,3.7754,3.7743,3.7724000000000006,3.7759,3.7764,3.7701999999999996,3.6419,3.5166
2023-09-21,3.9907,4.0035,4.0069,3.9754000000000005,3.9141,3.8685,3.8484,3.8303000000000003,3.8208,3.8141000000000003,3.8115,3.8076,3.8039,3.8141,3.7992,3.6808,3.5651
2023-09-20,3.9455,3.9679,3.9767000000000006,3.9378,3.8646,3.8141999999999996,3.7907,3.7667,3.7549,3.7469,3.7440000000000007,3.74,3.7391,3.7451,3.7305,3.6123,3.4969
2023-09-19,3.9506,3.9691,3.977,3.9399000000000006,3.8677,3.8141999999999996,3.7887,3.7646,3.7526000000000006,3.7440000000000007,3.7398,3.7381,3.739,3.7431,3.7314,3.6230000000000007,3.5172
2023-09-18,3.9807,3.9891,3.9836999999999994,3.9468,3.8748,3.8213999999999997,3.7997000000000005,3.7801999999999993,3.7676,3.7633,3.7608,3.7597000000000005,3.7619,3.7629000000000006,3.7538,3.6725,3.5932
2023-09-15,3.9256,3.9416,3.9368999999999996,3.9012,3.8307999999999995,3.7771,3.7508,3.7287999999999997,3.7169,3.7091000000000003,3.7075,3.7078,3.7085,3.7112,3.700299999999999,3.6168,3.5351
2023-09-14,3.9357,3.951,3.9431,3.9139,3.8503,3.786,3.739,3.7167,3.7055,3.6988,3.696,3.6974,3.6959999999999997,3.698,3.6882,3.6069,3.5274
2023-09-13,3.9458,3.9716999999999993,3.9662,3.9241999999999995,3.846,3.7952,3.7671,3.7455,3.7329000000000003,3.7285000000000004,3.7254000000000005,3.7227000000000006,3.7243,3.7241,3.716699999999999,3.6376999999999997,3.5605
2023-09-12,3.9659,3.9855999999999994,3.9805,3.9413,3.8663999999999996,3.8112999999999997,3.7859,3.7670999999999997,3.7532000000000005,3.7508000000000004,3.7493,3.7483,3.7563,3.7583,3.7451,3.6634,3.5835
2023-09-11,3.9861,3.9943,3.9871999999999996,3.9469999999999996,3.8697,3.8130999999999995,3.7853,3.7585999999999995,3.747,3.7401000000000004,3.7381,3.7395,3.7441,3.7488,3.7352,3.656,3.5786
2023-09-08,3.971,3.9605,3.9338,3.8893000000000004,3.8046999999999995,3.7426,3.7098000000000004,3.6827,3.6748000000000003,3.6732000000000005,3.6728000000000005,3.6721,3.6744,3.6785,3.6682000000000006,3.5794,3.4923
2023-09-07,3.966,3.9708,3.9502999999999995,3.9123999999999994,3.8385999999999996,3.7823,3.7564,3.7388,3.7323,3.7311,3.7329,3.7336,3.7361,3.74,3.7299,3.6509000000000005,3.5736
2023-09-06,3.9058,3.9054,3.8933999999999997,3.8535,3.7758,3.718,3.6915,3.6722,3.6697000000000006,3.6691,3.6719,3.6739,3.6754,3.6833,3.6692000000000005,3.5954000000000006,3.5229
2023-09-05,3.8907,3.8913,3.8870999999999998,3.8431,3.7611,3.7027,3.6709,3.6504999999999996,3.6448,3.6428,3.6438,3.6465000000000005,3.6492999999999998,3.6535999999999995,3.6473,3.5857999999999994,3.5256
2023-09-04,3.8556,3.8591,3.8702999999999994,3.8192000000000004,3.7278,3.6683,3.6361,3.6111,3.6018000000000003,3.6094000000000004,3.6091,3.6102000000000003,3.6185000000000005,3.6217,3.6166999999999994,3.5529,3.4903
2023-09-01,3.8506,3.8527999999999993,3.8403,3.7804,3.6753,3.6096,3.5696,3.54,3.5329000000000006,3.5326,3.5351,3.537,3.5421000000000005,3.5476000000000005,3.5379999999999994,3.4769,3.4169
2023-08-31,3.8332,3.8509999999999995,3.8435,3.7941000000000003,3.7023,3.6391999999999998,3.6094,3.5861,3.5776,3.5782,3.5787000000000004,3.5805000000000002,3.5851,3.5892000000000004,3.586099999999999,3.5224,3.4599
2023-08-30,3.8456,3.8741,3.863799999999999,3.8178999999999994,3.7314999999999996,3.6690999999999994,3.6395000000000004,3.6177,3.6082,3.6068,3.6072,3.6102,3.618,3.6177000000000006,3.6092,3.5479,3.4878
2023-08-29,3.8818,3.9087,3.8777000000000004,3.8283000000000005,3.7372,3.6744999999999997,3.6448000000000005,3.6207,3.6056000000000004,3.6042,3.6045,3.6041,3.6034999999999995,3.6094000000000004,3.6043999999999996,3.548,3.4928
2023-08-28,3.9008,3.9091,3.8911000000000002,3.8393,3.7456999999999994,3.6834999999999996,3.6563,3.634,3.6198,3.6191,3.6183000000000005,3.62,3.6191,3.6257,3.6198,3.5633,3.508
2023-08-25,3.9259,3.9318,3.9113,3.8670000000000004,3.784,3.7241,3.6971,3.6791,3.6732000000000005,3.6777,3.6803,3.6837,3.6884,3.6945,3.6936000000000004,3.6343,3.5763
2023-08-24,3.8945,3.9031,3.8884,3.8365000000000005,3.7460999999999998,3.6905999999999994,3.6588000000000003,3.6342,3.6302,3.6372000000000004,3.6371000000000007,3.6432,3.6499999999999995,3.6572,3.6581999999999995,3.6066000000000003,3.556
2023-08-23,3.8837,3.8977999999999997,3.8975,3.8495000000000004,3.7644999999999995,3.7107,3.6853,3.6734,3.6725,3.6758000000000006,3.6810000000000005,3.6862,3.6911,3.6982000000000004,3.6994999999999996,3.6525999999999996,3.6066
2023-08-22,3.9144,3.9116,3.9145000000000003,3.8701,3.7942,3.7477,3.7320000000000007,3.7301,3.7276000000000002,3.7327,3.7371,3.7426,3.7518999999999996,3.7548000000000004,3.7556999999999996,3.711,3.6673
2023-08-21,3.8857,3.8965000000000005,3.9011,3.8569000000000004,3.7805999999999997,3.7377,3.7224,3.7177,3.7164,3.7189000000000005,3.7215,3.7253,3.7321999999999997,3.7396000000000003,3.7377999999999996,3.6931999999999996,3.6496
2023-08-18,3.8807,3.8813,3.8709,3.8160000000000003,3.7215,3.6712999999999996,3.6619000000000006,3.6597,3.6589000000000005,3.6624000000000003,3.6679000000000004,3.6741000000000006,3.6805,3.6877,3.6893000000000002,3.6449,3.6014
2023-08-17,3.9296,3.9207,3.9018,3.8586000000000005,3.7836,3.7421,3.7321,3.7302,3.7269000000000005,3.7294,3.7326,3.7376,3.742,3.7467,3.7479,3.7034,3.6597
2023-08-16,3.8391,3.8511000000000006,3.8338,3.7843000000000004,3.6963,3.6444,3.6275,3.6179,3.6111000000000004,3.6123000000000003,3.6153,3.6189,3.6235999999999997,3.6288,3.6306,3.5865,3.5432
2023-08-15,3.8707,3.8714,3.8576,3.8226000000000004,3.7484,3.6833999999999993,3.6655,3.6560999999999995,3.6500000000000004,3.6484,3.6493,3.6513000000000004,3.6525,3.66,3.664,3.6196999999999995,3.5764
2023-08-14,3.8707,3.8713,3.8576,3.8226,3.7484,3.6834,3.6655,3.6561,3.6500000000000004,3.6484,3.6493000000000007,3.6513,3.6528999999999994,3.6623,3.664,3.6197000000000004,3.5762
2023-08-11,3.8406,3.8487,3.8307999999999995,3.784,3.6973,3.6327999999999996,3.5984000000000003,3.5823,3.5768000000000004,3.5756,3.5768,3.5811,3.5878,3.5929,3.5926,3.5485,3.5053
2023-08-10,3.883,3.8703,3.8445999999999994,3.7886000000000006,3.6849,3.61,3.5695,3.5492,3.545,3.5421000000000005,3.5427,3.5439,3.5473,3.5546000000000006,3.5543,3.5105,3.4674
2023-08-09,3.8581,3.8436,3.8270999999999997,3.7705,3.6660999999999997,3.5932,3.5569,3.5418,3.5401,3.5336,3.5364,3.5419,3.5414,3.5472000000000006,3.544,3.5027,3.4621
2023-08-08,3.8475,3.8322,3.8039,3.7422999999999997,3.6351,3.5625,3.5249,3.5079,3.5031,3.5024000000000006,3.504,3.5065,3.5077999999999996,3.5129,3.5108,3.4696,3.4292
2023-08-07,3.8204,3.8258,3.8139000000000003,3.7663000000000006,3.6769999999999996,3.6139,3.5857000000000006,3.5709,3.5676,3.5666000000000007,3.568,3.5717,3.5764,3.5798,3.5792,3.5353,3.4923
2023-08-04,3.8756,3.8787,3.8608000000000002,3.8191,3.7377,3.677,3.6566,3.6439,3.6382000000000003,3.6361000000000003,3.6353000000000004,3.6374,3.6379999999999995,3.6408,3.6404,3.5962,3.553
2023-08-03,3.8986,3.9008999999999996,3.8677,3.8184,3.7245,3.657,3.6324000000000005,3.6221,3.616,3.6136,3.6167,3.6190000000000007,3.6201,3.6243,3.617,3.5730999999999997,3.5301
2023-08-02,3.8741,3.8722,3.8471000000000006,3.7904000000000004,3.6807,3.5978,3.5661,3.5577,3.5487000000000006,3.5424,3.5425,3.5406000000000004,3.5404,3.5475,3.543,3.4993,3.4566
2023-08-01,3.8805,3.876,3.8473,3.7842,3.6674999999999995,3.5807999999999995,3.542,3.5178,3.5002,3.489,3.4856,3.4839000000000007,3.4831,3.4858,3.4794,3.4385,3.3984
2023-07-31,3.8906,3.8946,3.8673999999999995,3.8139,3.7052,3.6177999999999995,3.5812000000000004,3.5547,3.5354,3.5209,3.5193,3.5167,3.5139999999999993,3.5168,3.5127000000000006,3.4742,3.4364
2023-07-28,3.8856,3.8722,3.8372,3.7793,3.6663,3.5779999999999994,3.5386000000000006,3.5133,3.4976,3.4864,3.4837,3.4832,3.4805,3.4835,3.4798999999999998,3.4464,3.4135
2023-07-27,3.8523,3.8462,3.8166,3.7436,3.6048,3.5039999999999996,3.4583000000000004,3.4278,3.4089000000000005,3.3926000000000003,3.3889,3.3843000000000005,3.3807,3.3877,3.3855000000000004,3.3549000000000007,3.3249
2023-07-26,3.8891,3.889,3.8738,3.7961000000000005,3.6502,3.5473,3.4992,3.4622,3.4381,3.4221,3.4132,3.4069000000000003,3.408,3.4106,3.4084,3.3777,3.3476
2023-07-25,3.9207,3.9348,3.9109,3.8239000000000005,3.6709999999999994,3.5676,3.5152,3.4787999999999997,3.4557000000000007,3.4384000000000006,3.4335,3.4299,3.4238000000000004,3.4282,3.4231999999999996,3.385,3.3476
2023-07-24,3.9056,3.9235,3.9008999999999996,3.808,3.6434999999999995,3.5386999999999995,3.4809000000000005,3.4407999999999994,3.4217000000000004,3.4039,3.3965,3.3919000000000006,3.3883,3.3958,3.3897999999999997,3.3493,3.3096
2023-07-21,3.8805,3.8933,3.874,3.7854000000000005,3.6272,3.5228,3.4676000000000005,3.4269,3.4046,3.3853,3.3843,3.3816,3.3776999999999995,3.382,3.367,3.3291,3.2919
2023-07-20,3.8831,3.8942000000000005,3.8600000000000003,3.7659000000000002,3.6025,3.5023999999999997,3.4436000000000004,3.4000999999999997,3.3789,3.3602000000000003,3.3549000000000007,3.3496,3.3440999999999996,3.3482000000000003,3.3307,3.2881,3.2462
2023-07-19,3.8692,3.8627,3.8236,3.7352000000000003,3.5768,3.4690999999999996,3.4019,3.3576,3.3361,3.3215000000000003,3.3163,3.3112,3.3057,3.3102,3.2951999999999995,3.2527,3.2109
2023-07-18,3.8604,3.8707000000000003,3.8304000000000005,3.7537000000000003,3.6173,3.5213999999999994,3.4675,3.4254,3.4016,3.3872000000000004,3.3836,3.379,3.3748,3.3766,3.3589,3.3135999999999997,3.2692
2023-07-17,3.8253,3.8254,3.807,3.7402,3.6174,3.5303,3.4783,3.4374,3.4172000000000002,3.4013000000000004,3.3946,3.3918999999999997,3.3876,3.3896000000000006,3.3742000000000005,3.3288,3.2843
2023-07-14,3.8505,3.8406,3.8037,3.7396,3.6225,3.5413,3.4975,3.4575,3.4368,3.4259,3.4229,3.4214,3.4204,3.4204999999999997,3.4065,3.3510000000000004,3.2964
2023-07-13,3.8618,3.8256,3.7829000000000006,3.7201000000000004,3.6035,3.5201,3.4733,3.4375000000000004,3.4185,3.4008000000000003,3.3941,3.3898,3.3832,3.3915000000000006,3.3730999999999995,3.3204,3.2685
2023-07-12,3.8991,3.9193,3.8973999999999998,3.8444,3.7368999999999994,3.6459999999999995,3.5985,3.563,3.5384000000000007,3.5167000000000006,3.5043,3.4974,3.4932999999999996,3.4971000000000005,3.4810000000000003,3.4327,3.3853
2023-07-11,3.9007,3.9274,3.9010000000000002,3.8389,3.7237,3.6369,3.5948000000000007,3.563,3.5385,3.5166000000000004,3.5036,3.4963,3.4953,3.4956,3.475,3.4144,3.3548
2023-07-10,3.9711,4.0068,3.9983999999999993,3.9435,3.837,3.7548,3.713,3.6817,3.657,3.6378000000000004,3.6286000000000005,3.6221,3.6188999999999996,3.6185,3.5952999999999995,3.5365999999999995,3.479
2023-07-07,3.9862,3.9987,3.9715,3.8968000000000003,3.7667999999999995,3.6829999999999994,3.6324,3.5939000000000005,3.5680000000000005,3.5486000000000004,3.538,3.5316999999999994,3.5289,3.5296,3.5055,3.4422,3.38
2023-07-06,3.9567,3.9413999999999993,3.9006,3.8247000000000004,3.6943999999999995,3.6141,3.5619,3.5233999999999996,3.5008000000000004,3.4843000000000006,3.4766,3.4723,3.4698,3.4707,3.4462999999999995,3.3783999999999996,3.3115
2023-07-05,3.8842,3.8792,3.8438000000000003,3.766,3.6304,3.5474,3.4893,3.4468,3.4219,3.4041,3.3959,3.3901,3.3875,3.3885,3.3701000000000003,3.3024000000000004,3.2356
2023-07-04,3.8757,3.8646,3.844,3.7657,3.6312999999999995,3.543,3.4805,3.4361,3.4108,3.3911,3.3830000000000005,3.3772,3.375,3.3788,3.3648,3.2947,3.2255
2023-07-03,3.8404,3.8406000000000002,3.8205,3.7440000000000007,3.6085,3.5202999999999998,3.4584000000000006,3.4144,3.3886,3.3665,3.3560000000000003,3.3492,3.3488,3.3516,3.3446,3.2794999999999996,3.2153
2023-06-30,3.8723,3.8788,3.8569,3.7921000000000005,3.67,3.5812999999999997,3.5231000000000003,3.4793,3.4512000000000005,3.4288000000000003,3.4187,3.4129,3.4112,3.4189000000000003,3.4138999999999995,3.3559,3.2988
2023-06-29,3.8577,3.8431,3.8166,3.7428000000000003,3.6092999999999997,3.5168,3.4592,3.4213,3.3986,3.3808,3.3727,3.3669,3.3648999999999996,3.3698,3.3582,3.3004,3.2435
2023-06-28,3.8336,3.8247,3.7902,3.7128,3.5732999999999997,3.4799999999999995,3.4284,3.3933,3.3649,3.3424,3.3371000000000004,3.3326000000000002,3.3289,3.335,3.3248999999999995,3.2672999999999996,3.2105
2023-06-27,3.8098,3.8063000000000002,3.7735999999999996,3.6983,3.5655999999999994,3.4771999999999994,3.4192999999999993,3.3817,3.3523000000000005,3.3311,3.3225000000000002,3.3137,3.3086,3.3175,3.312,3.2545,3.1978
